name,category,email,mockup_url
Sam's Flowers,florist,samsflowers@yahoo.com,
Petit Jardin En Ville,florist,info@petitjardinenville.us,
Beyoutiful Blooms,florist,info@beyoutifulhotyoga.com,
NE Flower Boutique - Northeast Philly,florist,northeastflowers@gmail.com,
Berlin Blossom Shoppe,florist,berlinblossom@gmail.com,
Moorestown Flower Shoppe,florist,adult@moorestownlibrary.org,
Prestige Spotless Cleaning LLC,cleaning service,myaccount@myprestige.com,
Nirvana Family Fitness: Torresdale,personal trainer,server@hotfitness.net,
Woodcrest Flowers,florist,hm@woodcrestrehab.com,
kdmorris photography • Candlelight Studio 215 • Studio 4e,photographer,kdmorrisphoto@gmail.com,
Philly Pretzel Factory,bakery,info@phillypretzelfactory.com,
Nothing Bundt Cakes,bakery,mountlaurel-nj@nothingbundtcakes.com,
All Dogs Poop,pet store,info@alldogspoop.com,
Natasha Kassell - VMD Holistic House Call Veterinarian,pet store,kassell@gmail.com,
Exclusive Dog Training,pet store,team@exclusivedogtraining.com,
Animal Welfare Association,pet store,contact@vocabineer.com,
World of Animals at Mayfair,pet store,mayfair@wofainc.com,
Cuor di Caffè,bakery,fornecedor@portaldecompraspublicas.com.br,
Dulce Artisanal Pastry,bakery,info@dulcecollingswood.com,
Cake Life Bake Shop,bakery,info@cakelifebakeshop.com,
Kreamies,bakery,getkreamed2day@gmail.com,
WAG: Whole Animal Gym,pet store,info@madbarn.com,
Barkadelphia,pet store,info@barkadelphia.com,
Companion Pet Hospital,pet store,cph@companion-pets.com,
VEG ER for Pets,pet store,info@millburnshorthillschamber.org,
The Monster Minders,pet store,info@themonsterminders.com,
Philly Unleashed,pet store,info@phillyunleashed.com,
The Ruff Life,pet store,therufflifedogservicesllc@gmail.com,
Debbie's Pet Sitting,pet store,hello@joindebbie.com,
Sweet T's Bakery and Snack Shop,bakery,contact@sweettsbakery.co,
Market Bakery,bakery,marketbakeryrtm@gmail.com,
The Famous 4th Street Cookie Company,bakery,info@famouscookies.com,
The Bread Room,bakery,hello@thebreadroomphl.com,
Metropolitan Bakery,bakery,orders@merzbachers.com,
Termini Bros Bakery,bakery,customerservice@termini.com,
Moka & Co,bakery,corp@mokanco.com,
Vibrant Coffee Roasters & Bakery,bakery,coffeeisafruit@vibrantcoffeeroasters.com,
CSR Land and Snow,landscaping,info@businessnewsdaily.com,
Noah's Ark Animal Hospital,pet store,privacy@biblegateway.com,
Erie Kitchen,bakery,info@visiterie.com,
Twisted Bananaz,bakery,twistedgroundsphilly@gmail.com,
Muñoz Mini Market,pet store,scott@moreviewsmedia.com,
Grace World,pet store,pesniclub@yandex.ru,
MACON PROPERTIES,lawn care,ficklingcompanypm.social@gmail.com,
Ellie’s Cafe,cafe,elliescafenj@gmail.com,
Caffe Cacio E Pepe,cafe,hello@haidenscoffee.com,
Good Karma Cafe,cafe,englishmentor@vocabish.com,
Café Click,cafe,info@eatoutusa.com,
Queen & Rook Game Cafe,cafe,info@queenandrookcafe.com,
Café Tolia,cafe,cafetolia@gmail.com,
Society Hill Hotel,cafe,info@societyinsurance.com,
Dolce & Caffè,cafe,sustainability@dolcegabbana.com,
Torch-Wood Cafe,cafe,torchwoodmarket@gmail.com,
Càphê Roasters,cafe,thu@capheroasters.com,
Whiskers Cat Cafe,cafe,whiskerscatcafephilly@gmail.com,
Small Oven Pastry Shop,cafe,meow@smalls.com,
Amsale Cafe,cafe,amsalecafe2022@gmail.com,
Philly JAM Recording,videographer,theredmasque@theredmasque.com,
Marakanda Restaurant,cafe,vip.marakanda@mail.ru,
Chinar,cafe,sumblianshu77@yahoo.com,
Song's Breakfast & Lunch,cafe,kathystephens1068@yahoo.com,
House of Biryanis and Kebabs,restaurant,hbk19403@gmail.com,
Forsythia,restaurant,hello@forsythiaphilly.com,
Saigon Bowls,restaurant,service@asiaodysseytravel.com,
Wang's Cuisine,restaurant,customercare@alexanderwang.com,
Mis Viejos,restaurant,server@p2bars.com,
Maria's Restaurant inc.,restaurant,mariasrestaurant21@gmail.com,
Wawa,auto repair,call.center@wawa.com,
Absolute Perfection Detailing,auto repair,sales@absolute.com,
InTown Auto Care,auto repair,sdunn@intownautocare.net,
Medford Auto Care,auto repair,info@travelmedford.org,
Chi Auto Repair,auto repair,info@theartwatches.ae,
Penn Muffler & Brake,auto repair,joew@pennmuffler.com,
Imagine Audio,auto repair,info@imaginaudio.com,
Alex Auto Tag,auto repair,agency@alextags.com,
Dent Tekniks,auto repair,contact@nature.com,
AODetail & Automotive Coatings,auto repair,aodetailnj@gmail.com,
Autozone,auto repair,customer.service@autozone.com,
Frank's Autobody,auto repair,info@csnfranks.com,
Enterprise Car Sales,auto repair,info@enterprise.com.tr,
Johnny Dents,auto repair,tips@radaronline.com,
My Family Car Care Center,auto repair,myfamilycarcare@gmail.com,
Rizzio's General Auto Repair,auto repair,gareth@edinburghexpert.com,
D&S Mobile Auto Service,auto repair,dsonmobileautorepair@gmail.com,
A&A AUTO REPAIR,mechanic,aaautorepair23@gmail.com,
NE AUTO CLINIC,mechanic,publicfile@1011now.com,
Comly Automotive,auto repair,auctions@comly.com,
J T Auto Connections Inc,auto repair,eshop@junaidjamshed.com,
Andy's Auto Services,auto repair,marketing@eatandys.com,
Mike's In-Depth Automotive,auto repair,comments@mikes-subs.com,
All Star Auto Repair,auto repair,allstarrepair561@gmail.com,
Wilfredo Auto Repair,mechanic,contactus@clarksvilleonline.com,
Kensington Auto Repair,auto repair,cityneighborhoodsnyc@gmail.com,
Chuck's Auto,mechanic,sales@usedpart.us,
P L Auto Body Inc,auto repair,antsteel12@gmail.com,
TOTAL ENVIRONMENTAL SERVICES INC,cleaning service,kellygoss@totalwaterlabs.com,
Botánica anaisa pye,florist,properties@plusrealtors.com,
Sheffield Funeral Home,florist,mssheffield2017@gmail.com,
Primo Mini Market,florist,info@innovea.it,
Bain's Deli,nail salon,bainsdeli1910.catering@gmail.com,
Gass and Main,nail salon,info@gassandmain.com,
VIVA SPA,massage,info@viva-finance.com,
S&K Hair Salon,hair salon,care@magicpin.in,
Juliette's Nails & Spa,nail salon,fakymarivial@gmail.com,
Parkwood,hair salon,parkwood.apts@yahoo.com,
Style Studio,hair salon,sales@w3schools.com,
Only The Best Professional Barbershop,hair salon,o.t.b.probs@gmail.com,
Sunday nails,nail salon,contactus@sundaynails.com.au,
Kathy's Nails & Spa Salon,nail salon,annawang691@yahoo.com,
Divine Creations Unisex Salon,hair salon,divineapp21@gmail.com,
Lehigh Nail Salon,nail salon,support@joinchargeback.com,
Nina Beauty Salon,beauty salon,info@ninastudiomedspa.com,
"Spinal Care, LLC",massage,info@bkelectricservices.com,
Shear Bliss Salon,beauty salon,zanele@summerplacesa.com,
Diamond Nail Spa LLC,nail salon,team@thediamondprice.com,
Upscale Nails,nail salon,support@pixelbin.io,
Hardware Junction,nail salon,info@guthrieshardware.com,
Bellisimo Hair Fashions,hair salon,accessibility@wyndham.com,
Fama Hair Braiding,hair salon,info@fama.org,
Gina_hair_extension Dominican Salon,hair salon,samantha@absjacksonvillenc.com,
Tapers Barber Shop,hair salon,support@painfulpleasures.com,
Angie's Auto Tags,spa,angiesautotags@gmail.com,
Zenplicity,florist,marltonzen@gmail.com,
Clean Shine Services,cleaning service,service@cleanshineservices.com,
Riverfront Bakery,bakery,riverfrontbakery@gmail.com,
Spark'd Creative Pastry,bakery,hello@sparkdcreativepastry.com,
Milk + Honey,bakery,connect@bridgeartgallery.net,
Arctic Delights,bakery,info@incluvia.de,
Philly Pretzel Factory,bakery,membership@thephiladelphiacitizen.org,
Crumbl - Mt. Laurel,bakery,nj.mtlaurel@crumbl.com,
Larchmont Animal Hospital,pet store,info@larchmontah.com,
Burl-Moor-Driben Animal Hospital,pet store,server@brotherspets.com,
HousePaws Mobile Veterinary Service of Mount Laurel,pet store,info@housepawsmobilevet.com,
Champ's Dog House,pet store,info@champsdoghouse.com,
Todd Marcus Birds Exotic,pet store,toddmarcusbirds@aol.com,
Country Haven Kennels,pet store,caseyscountryhaven@gmail.com,
Brown Dog Cafe,bakery,thegang@browndogcafe.net,
Whipped Bakeshop,bakery,support@signalhire.com,
Lost Bread Co.,bakery,info@lostbreadco.com,
The Pet Snobs Boutique,pet store,info@thepetsnobs.com,
Muttropolitan Pet Sitting,pet store,info@phillyfitdog.com,
J'aime French Bakery,bakery,help@sofatutor.com,
Bread Top House,bakery,triebwassermtaylor@gmail.com,
P S & Co,bakery,info@psandco.com,
The Sweet Life Bakeshop,bakery,thesweetlifebakeshop@yahoo.com,
Levain Bakery,bakery,media@levainbakery.com,
Tropical sweets bakery,bakery,levicowan@tropicaltidbits.com,
Victor Landscaping & Professional Tree Services Inc,landscaping,victorlandstree@gmail.com,
Precision Landscaping,landscaping,info@precisionlandnc.com,
Chez Madame Haitian Store,bakery,support@frenchlearner.com,
My Mom Cook's Specialty Shop,bakery,info@buzzfile.com,
New City Super Market,pet store,contact@amberstudent.com,
life hardware&Houseware llc,pet store,cbpoldcityadmin@cbpref.com,
Germantown Dollar Store,pet store,info@johnsonhouse.org,
Corner Food Market,pet store,cornerfoodmarket@gmail.com,
Drip Cafe,cafe,info@dripcafede.com,
320 Market Café,cafe,info@320ranch.com,
Sinclairs Cafe,cafe,info@libertysheds.com,
All Fur Them Pet Sitting & Concierge,pet grooming,aftpets@gmail.com,
Cafe Crema,cafe,southjerseyfoodscene@gmail.com,
Rolls Bowls,cafe,arenda@zeus.rest,
Persimmon Coffee,cafe,hello@persimmoncoffee.com,
Guavaberry Foods & Drinks,cafe,mail.healthbenefit@gmail.com,
Philadelphia Java Company,cafe,placejoys.com@gmail.com,
Tuscany Cafe,cafe,tuscanyhavertown@gmail.com,
Cafe Square One,cafe,contact@cafesquareone.com,
La Jefa,cafe,office@barmagazine.com,
Green Eggs Cafe,cafe,gecphiladelphia@gmail.co,
Olivier Cafe,cafe,info@oliviernapavalley.com,
Bold Coffee Bar,cafe,contact@bold.org,
Kar’s Royal Pet Grooming,pet grooming,info@welovedoodles.com,
Spiked Sports Lounge & Grill,cafe,spikedsportsloungeandgrill@gmail.com,
World Class MMA Philly,fitness,info@dojo-desk.com,
Medo Barbershop,barber shop,info@hairsalonandstylists.com,
Charles’ Barber Shop,barber shop,editorial@miamitimesonline.com,
WRG TREE & LANDSCAPING LLC.,lawn care,info@outdoornearme.com,
Temple Town Breakfast,cafe,wdcvisitorscenter@gmail.com,
Godfrey Beer and Deli,cafe,info@durangoschools.org,
Natural Restaurant,cafe,justemail@nnaturalhairstudio.com,
Braddock's,restaurant,email@braddockinsurance.com,
Yaya's Pizza,restaurant,social@yayaandco.com,
Quality Taste II Jamaican Resturant,restaurant,liveusercare@pythonanywhere.com,
East China,restaurant,legal1@kcpublicschools.org,
Sila's Chicken,restaurant,silasupport@sila.org,
Stiles Sunoco Ultra Service Center,auto repair,stilessunoco@mechanicnet.com,
TYME 2 Shine,auto repair,tyme2shinemobiledetailing@gmail.com,
Precision Window Tinting & Paint Protection,auto repair,precisionwindowtintingpa@yahoo.com,
Dynamic Tint & Paint Protection,auto repair,info@dynamictint.com,
ArchAngel Auto Glass Inc,auto repair,archangelautoglass@gmail.com,
Goodwill Home Medical Equipment,auto repair,contact@goodwillhomemedical.org,
Southampton Imported Cars,auto repair,southamptonimports@yahoo.com,
Preston's Garage & Performance,auto repair,prestonsgarage@gmail.com,
David's Tire Shop,auto repair,info@citylocalpro.com,
Liberty Collision Center,auto repair,goodcarsonline@yahoo.com,
Tire World,auto repair,info@tireworldnj.com,
Elite Auto Service,auto repair,info@eliteautoservice.com,
All Seasons Express Car Wash,auto repair,contact@allseasonscarwashnj.com,
J & M Tire Service,auto repair,contactus@tssk.ca,
Camden Auto Electric Service,auto repair,csr@camdencontrols.com,
Pride Paint & Bodywerks,auto repair,pridepaintnj@gmail.com,
CaroTech Automotive,auto repair,carotechautomotivellc@gmail.com,
Tamimi automotive,mechanic,info@tamimiksa.com,
PR Service LLC,auto repair,info@phillyprgirl.com,
Steve's Automotive Services,auto repair,info@stevemaddendirect.com,
SMITTYS AUTO REPAIR,auto repair,smittyspizza3@gmail.com,
Jerry's Automotive LLC,mechanic,press@jerry.ai,
GM Road Side 24/7 Truck and Trailer Repair Assistance,mechanic,jttrepairs@gmail.com,
T's Auto Repair,mechanic,info@tandsauto.net,
H y auto repair,mechanic,support@ejoylearning.com,
Guess What Tires/24HR Tireshop/Mobile service,auto repair,help@nears.me,
Ridge Gas & Mini Mart,auto repair,theridge@americancampus.com,
Ant’s Auto Repair and Tow,mechanic,antsautorepair247@gmail.com,
B Auto Repair Inc,mechanic,vadimb@vbautorepair.com,
Boulevard Auto Repair,auto repair,info@thereefvillas.com,
DD AUTO CARE LLC,auto repair,bug-coreutils@gnu.org,
Superior Auto Body & Repair,auto repair,gregsautobody777@gmail.com,
Aleen tire shop,auto repair,atencionalcliente@bancociudad.com.ar,
J & D Vehicle Repair INC,mechanic,info@jeplumbing.com,
Nicetown Auto Repair,mechanic,support@thehues.com,
Colomex,mechanic,sac.central@supermercadosmundial.com.br,
Jose Auto Repair,mechanic,info@expertise.com,
Lawrence st Auto Repair,auto repair,info@lawrencetheband.com,
Stewart Auto Service INC,auto repair,advertise@stewartsshops.com,
G & J Auto Care,auto repair,media@uhnj.org,
Carlos auto repair,auto repair,chemicalcitypaper.news@gmail.com,
Pops Auto Repair & Diagnostic,auto repair,popscars4less@gmail.com,
KC Spa,spa,programming@kcrg.com,
Skyler's Hoagies,nail salon,info@goodfoodnewjersey.com,
Salon Masaya,hair salon,salonmasaya@gmail.com,
Justin's Collingswood Barber Shop,beauty salon,justinjersey5@gmail.com,
Heads & Tails Beauty Boutique,hair salon,dmjd@headsandtailsrittenhouse.com,
Phila Massages,massage,contact@philamassages.com,
Lucia Lash and Brow,beauty salon,lucialashny@gmail.com,
About Face Aesthetics,beauty salon,careteam@aboutfaceskincare.com,
Bright Luxe Beauty by Dayana,beauty salon,support@brightmoney.co,
Victoria's Bagel Bistro,nail salon,bagelladies@gmail.com,
Ralph's Market,nail salon,ralphsmarket1@gmail.com,
Dad's Deli & Catering,nail salon,dadsdelinj@gmail.com,
Zeppoli,nail salon,info@zeppolirestaurant.com,
Dragon House,nail salon,support@practicapress.com,
Cafe Lift,nail salon,info@cafelifthaddonfield.com,
Haven Wellness Center,massage,info@havenwellnessphilly.com,
Essential Blends Hair Studio,beauty salon,essentialblendshairstudio@gmail.com,
Wilder,nail salon,info@wilderphilly.com,
Dan Dan,nail salon,emergency@daneurope.org,
KBeauty outlet,beauty salon,hello@kbeauty.us,
TR NAILS & SPA,nail salon,contact@marketbeat.com,
Kimlynn Nails & Spa,nail salon,propertymanager@summerplaceal.com,
Snow Nails and Spa,spa,info@sbmarketing.group,
Patrícia's Cleaning Services,cleaning service,aricelma@limascleaning.net,
Earring's World,tattoo parlor,customercare@simon.com,
Nomadic Pies,bakery,molly@nomadicpies.com,
MARTINEZ LANDSCAPING & TREE SERVICES,landscaping,info@adrianmartinez.com,
Sweet T's Bakeshop,bakery,info@sweettbakes.com,
Nonno Ugo's Italian Bakery,bakery,nick@nonnocarlo.com,
Radcliffe Cafe,cafe,visitorservices@visitbuckscounty.com,
SnS Seafood & Catering,restaurant,advocatefored@gmail.com,
Sa Sushi,restaurant,server@restaurantjun.com,
My Auto Dents,auto repair,myautodents@gmail.com,
Mid City Tire & Auto,auto repair,appointments@midcitytire.com,
Garrison Garage and Tires,auto repair,rblack@gannett.com,
J&C Automotive,auto repair,t.j.cautomotive@gmail.com,
HK Auto Repair Inc,auto repair,hkinfoboard@heckler-koch-de.com,
Midvale Avenue Automotive,mechanic,info@midvaleind.com,
31 Auto,auto repair,info@osnmedia.ru,
Beauty Within Salon Spa,massage,beautywithiniow@btinternet.com,
Michael Alan's Fine Barbers,beauty salon,mabarbers1@yahoo.com,
Bauhaus Hair Design,hair salon,info@bauhaushairdesign.com,
Blue Monkey Tavern,nail salon,contact@marvsgroup.com,
La Catrina Mexican Restaurant,nail salon,lacatrina655@gmail.com,
Meridian Medica,massage,info@meridian.org,
LA Nail Bar,beauty salon,bbdinh@yahoo.com,
Bory Hair Sensation,hair salon,bory@larix-tech.com,
The Clothing Spa Laundromat,spa,theclothingspalaundry@gmail.com,
5th Street Nails & Spa,nail salon,fairytalenails@gmail.com,
YA MEI SPA,massage,info@sunspapa.com,
Old City Flowers,florist,oldcityflowers@gmail.com,
"Passport Photos Ukraine, US, Europe",photographer,hk99realty@gmail.com,
FP Cleaning Services,cleaning service,services@fp-services.co.uk,
Bakery & Argentinian Dishes – Empanadas,bakery,chantels@chantelsbakery.com,
L & M Bakery,bakery,sales@lmbakery.com,
Danish Bakers,bakery,info@danishbakers.com,
Pit Stop HQ,pet store,pitstophqphilly@gmail.com,
Sarcone’s Bakery,bakery,jmoss@syracuse.com,
i c s landscaping,landscaping,name@icloud.com,
Tandoori Market,bakery,proyectoweber+indian-dream-berlin.de@gmail.com,
Seng Hong Oriental Market,bakery,inquiries@sengifted.org,
Terra Cotta Green Market,cafe,terracotta.pbcafe@gmail.com,
The Q Spot,cafe,theqspotnj@gmail.com,
Harvest Book Store & Cafe,cafe,info@harvestseasonal.com,
The Hart of Catering & Cafe,cafe,broadbandvideo@comcast.net,
Sabrina's Café - University City,cafe,dimil322@yahoo.com,
chocolate blisss,cafe,sales@thesecretchocolatier.com,
El sabor de puebla,restaurant,hello@ediblemadison.com,
Oneil’s Caribbean cuisine,restaurant,oneilsrestaurant@gmail.com,
Tonys Auto Works,auto repair,customerhappiness@tonysfreshmarket.com,
Calero Auto Detailing Mobile Service,auto repair,info@caleroautodetailing.com,
Rob's Garage,auto repair,support@citytocitymarket.com,
Elmer's Auto Body,auto repair,servicedesk@csc.fi,
Mr. Car Finder,auto repair,askme@mrcarfinder.xyz,
Autoshow Collision Center,auto repair,autoshowcollision@msn.com,
Empire Multi Services LLC,auto repair,hildanysc@yahoo.com,
Done Better Auto,mechanic,support@donefirst.com,
Sunkissed Tanning and Wellness,massage,support@sunkissedtanningandwellness.com,
Cutie-cle Nails and Spa,beauty salon,support@nailsnearme.io,
Wee Massage,massage,weemassage10th@gmail.com,
Happy Jack’s Pawsitive Dog Training,pet store,tsmith@happyjackstraining.com,
6th Sense K9,pet store,sixthsensek9@gmail.com,
Happy Cat Hotel & Spa,pet store,support@happycatfranchising.com,
Khloes Kittens,pet store,khloeskittens@yahoo.com,
Laura Loves Dogs,pet store,lauralovesdogsllc@gmail.com,
Smoker's Palace #12 / Philly's Greatest Vapes,pet store,bcigars@aol.com,
Al-Baraka,pet store,info@albaraka.com,
Hive Café,cafe,hivecafephilly@gmail.com,
Walnut Street Cafe,cafe,reservations@walnutstreetcafe.com,
Rich N Lawless Studios,videographer,info@thecondoshops.com,
Restaurant,restaurant,philly@estiarestaurant.com,
Alex's Premium Auto Detailing,auto repair,info@alexbores.nyc,
Rocky's Auto Repair,auto repair,info@gazettejournal.net,
Adonis Hair Salon,hair salon,adonishairsalonanddayspa@gmail.com,
KAYLEIGHS MASSAGE,massage,tienda@laticrete.co.cr,
Modern Touch,nail salon,arica.miller@rowcal.com,
"Ziegfield Florist, Gifts & Flower Delivery",florist,ziegfieldflorist@gmail.com,
Cinnaminson Animal Hospital,pet store,cinnaminsonah@yourvetdoc.com,
Murphy Ruffenach Brian W. Donnelly Funeral Home,pet store,bwdfuneralhome@aol.com,
Beard Papa's,bakery,support@beardbrand.com,
SoBoL,cafe,support@mysobol.com,
Moorestown Foreign Car Repair,auto repair,info@finderorg.com,
Auto Doctor,mechanic,dmca@telegram.org,
Alexander Auto Repair,auto repair,pahouse@pahouse.net,
Alpha & Omega Working Dogs,pet store,aoworkingdogs@gmail.com,
Prohealth Medical Center,fitness,nrhinfo@wearenorthern.org,
Treetops Cafe,cafe,stay@avocabeachhotel.com.au,
F & D Auto Repair & Sales,auto repair,fredamauto@gmail.com,
Artistica Hair & Nail Salon,nail salon,info@artistica-inc.com,https://mayasworldwideweb.github.io/previews/artistica-em-hair-em-nail-em-salon-em-23a93d.html
Top Knotch Salon,hair salon,topknotchsalon@outlook.com,https://mayasworldwideweb.github.io/previews/top-knotch-salon-17ae98.html
Studio at 108,hair salon,studio108salon@gmail.com,
Village Cuts,hair salon,info@thevillagestamford.com,https://mayasworldwideweb.github.io/previews/village-cuts-6a4f4a.html
Liberty Nails,nail salon,juliedinh477@gmail.com,https://mayasworldwideweb.github.io/previews/liberty-nails-48db18.html
Chrissy Nails,nail salon,info@ndnailsupply.com,https://mayasworldwideweb.github.io/previews/chrissy-nails-1cd041.html
Cuttin' Loose,beauty salon,info@cuttinupshowblanketsllc.com,https://mayasworldwideweb.github.io/previews/cuttin-loose-756c08.html
The Beauty Room,beauty salon,thebeautyroomalaska@gmail.com,https://mayasworldwideweb.github.io/previews/the-beauty-room-8e688f.html
Monte Pool And Spa Service LLC,spa,service@montepoolandspa.com,https://mayasworldwideweb.github.io/previews/monte-pool-and-em-spa-em-service-llc-522f46.html
The Ladies Room,spa,hello@ladiesroom206.com,https://mayasworldwideweb.github.io/previews/the-ladies-room-382e47.html
Core Synergies Massage and Pilates,massage,synergystudio203@gmail.com,https://mayasworldwideweb.github.io/previews/core-synergies-em-massage-em-and-pilates-f0768d.html
Giovanni's Brookhaven Barber Shop,barbershop,info@dagiovanni.be,https://mayasworldwideweb.github.io/previews/giovanni-s-brookhaven-barber-shop-75acbf.html
Naturally Crowned Hair & Nail Studio,nail salon,naturallycrownedhairstudio@gmail.com,https://mayasworldwideweb.github.io/previews/naturally-crowned-hair-nail-studio-f1bf15.html
Julie's Nails,nail salon,pbrowning@julie1call.com,https://mayasworldwideweb.github.io/previews/julie-s-nails-cbfc49.html
Sharon Hill Nails,nail salon,newsroom@sharonherald.com,https://mayasworldwideweb.github.io/previews/sharon-hill-nails-928681.html
Elise Spa and Nails,nail salon,elisenailsbm@gmail.com,https://mayasworldwideweb.github.io/previews/elise-spa-and-nails-6a7e05.html
Cambio Salon,beauty salon,cambiosalonspa@gmail.com,https://mayasworldwideweb.github.io/previews/cambio-salon-63b8cf.html
Clean Cuts,beauty salon,cleancuthd215@gmail.com,https://mayasworldwideweb.github.io/previews/clean-cuts-5f9bca.html
Maven & Bloom,beauty salon,info@bloommaven.com,https://mayasworldwideweb.github.io/previews/maven-bloom-4dae75.html
Prive Salon And Style Bar,bar,priveofmemphis@gmail.com,https://mayasworldwideweb.github.io/previews/prive-salon-and-style-bar-176fb5.html
Ooh La La Salon,beauty salon,hairsalonoohlala@gmail.com,https://mayasworldwideweb.github.io/previews/ooh-la-la-salon-135977.html
Changes Salon & Day Spa,spa,relax@changesdayspa.com,https://mayasworldwideweb.github.io/previews/changes-salon-day-spa-b38bb4.html
Hollywood Nails and Spa,nail salon,lehuuduc.iphone@gmail.com,https://mayasworldwideweb.github.io/previews/hollywood-nails-and-em-spa-em-9a09aa.html
Main Line Therapeutic Massage & Spa,massage,mainlinemassage@gmail.com,https://mayasworldwideweb.github.io/previews/main-line-therapeutic-massage-em-spa-em-63ccbe.html
Millcreek Barber Shop,barbershop,marketing@millcreekmall.net,https://mayasworldwideweb.github.io/previews/millcreek-em-barber-em-shop-cf50de.html
Nic Grooming Barbershop,barbershop,info@nicgrooming.com,https://mayasworldwideweb.github.io/previews/nic-grooming-barbershop-928034.html
Christina Sanclemente Beauty,beauty salon,christina@phillybeauty.com,https://mayasworldwideweb.github.io/previews/christina-sanclemente-beauty-6f3fb6.html
The House of Henri,beauty salon,info@thehouseofhenri.com,https://mayasworldwideweb.github.io/previews/the-house-of-henri-19004e.html
Styles Inspired by Marc,beauty salon,stylesinspiredby@gmail.com,https://mayasworldwideweb.github.io/previews/styles-inspired-by-marc-459d8b.html
Eterna Bella Spa,spa,eternaofficial2@gmail.com,https://mayasworldwideweb.github.io/previews/eterna-bella-em-spa-em-1f7998.html
Bliss Nail & Spa,nail salon,gegmuck@gmail.com,https://mayasworldwideweb.github.io/previews/bliss-nail-em-spa-em-8751c2.html
The Summit at Rittenhouse,massage,info@thesummitphl.com,https://mayasworldwideweb.github.io/previews/the-summit-at-rittenhouse-ddba76.html
Salon Zen,hair salon,salonzenhair@gmail.com,https://mayasworldwideweb.github.io/previews/salon-zen-e5df7b.html
"Simplee U, LLC",hair salon,wholesale@simpleeapparel.com,https://mayasworldwideweb.github.io/previews/simplee-u-llc-16c521.html
Tangles Hair Salon,hair salon,tanglesrichboro@gmail.com,https://mayasworldwideweb.github.io/previews/tangles-hair-salon-d3c24a.html
Pearl Nail Spa,nail salon,southfloridatribune@gmail.com,https://mayasworldwideweb.github.io/previews/pearl-nail-spa-828be7.html
Blume Salon,beauty salon,press@blume.com,https://mayasworldwideweb.github.io/previews/blume-salon-a31157.html
Salon Serendipity,beauty salon,information@serendipitysalon.me,https://mayasworldwideweb.github.io/previews/salon-serendipity-5a6884.html
Salon 463,beauty salon,salon463llc@gmail.com,https://mayasworldwideweb.github.io/previews/salon-463-ebe37e.html
The Grand Salon Spa Beauty Boutique,spa,hairsme123@gmail.com,https://mayasworldwideweb.github.io/previews/the-grand-salon-em-spa-em-beauty-boutique-34a288.html
Spa Creek Health,spa,info@spacreekdental.com,https://mayasworldwideweb.github.io/previews/em-spa-em-creek-health-43cc02.html
"Alternative Health Inquiries, LLC",massage,info@alternativehealthinquiries.com,https://mayasworldwideweb.github.io/previews/alternative-health-inquiries-llc-8ea5aa.html
Noonan Massage Therapy,massage,patrick.noonan.lmt@gmail.com,https://mayasworldwideweb.github.io/previews/noonan-em-massage-em-therapy-49f41f.html
Epoch Automotive,auto repair,jon@epochautomotive.com,https://mayasworldwideweb.github.io/previews/epoch-automotive-62754c.html
Salon 39,hair salon,salon39doylestown@gmail.com,https://mayasworldwideweb.github.io/previews/salon-39-b2b3ec.html
Leisure Spa,beauty salon,nanyangleisurespa@gmail.com,https://mayasworldwideweb.github.io/previews/leisure-spa-ed87d7.html
Opal Hair Studio by EB Salon,hair salon,appointments@opalhairstudio.info,https://mayasworldwideweb.github.io/previews/opal-hair-studio-by-eb-salon-ba551d.html
Simplee U,hair salon,connect@gmail.com,https://mayasworldwideweb.github.io/previews/simplee-u-773033.html
True Beauty Marks,hair salon,hello@truebeautymarks.com,https://mayasworldwideweb.github.io/previews/true-beauty-marks-fcbc4c.html
Moxie Salon,hair salon,moxie1640@gmail.com,https://mayasworldwideweb.github.io/previews/moxie-salon-06c2d0.html
Bridal Hair Boutique,hair salon,salonbhb167@gmail.com,https://mayasworldwideweb.github.io/previews/bridal-hair-boutique-35fd10.html
The Parlour 33,beauty salon,theparlour33@gmail.com,https://mayasworldwideweb.github.io/previews/the-parlour-33-9ce846.html
b spa,beauty salon,bspadoylestown@comcast.net,https://mayasworldwideweb.github.io/previews/b-spa-437d3c.html
Pepperoncini Havertown,restaurant,pepperoncinihavertown1@gmail.com,https://mayasworldwideweb.github.io/previews/pepperoncini-havertown-dbc4fc.html
Mimi Nails and Spa of Bensalem,nail salon,spizza@gmail.com,https://mayasworldwideweb.github.io/previews/mimi-nails-and-spa-of-bensalem-d25290.html
Sunset Hair Braiding,beauty salon,contact@sunrisesunset.io,https://mayasworldwideweb.github.io/previews/sunset-hair-braiding-2753fe.html
"A1 Cleaning Technologies, LLC",restaurant,bhearn@a1cleaningtechnologies.com,https://mayasworldwideweb.github.io/previews/a1-cleaning-technologies-llc-510bf4.html
Royal Cakes and Cafe,cafe,mackwill555@gmail.com,https://mayasworldwideweb.github.io/previews/royal-cakes-and-cafe-d5203e.html
"Yiayia's Kouzina, LLC",bakery,panagiota@yiayiaskouzina.com,https://mayasworldwideweb.github.io/previews/yiayia-s-kouzina-llc-b52219.html
Puddin's Cake Corner,bakery,info@dcpuddin.com,https://mayasworldwideweb.github.io/previews/puddin-s-cake-corner-b34556.html
4 Every Occasion Cakes and Cupcakes,bakery,info@4everyoccasioncakes.com,https://mayasworldwideweb.github.io/previews/4-every-occasion-cakes-and-cupcakes-bc39da.html
Meineke Car Care of Bristol # 227,auto repair,shop.227@meineke.net,https://mayasworldwideweb.github.io/previews/meineke-car-care-of-bristol-227-1e5246.html
United Tattoo and Artist Supplies Inc.,tattoo parlor,hello@trublutattoo.com,https://mayasworldwideweb.github.io/previews/united-em-tattoo-em-and-artist-supplies-inc-82b918.html
Hydravolve Studios Tattoo and Body Piercing,tattoo parlor,hydravolvepiercing@gmail.com,https://mayasworldwideweb.github.io/previews/hydravolve-studios-em-tattoo-em-and-body-piercing-ceabe8.html
Bird of Paradise Flowers,florist,birdofparadiseflowers@gmail.com,https://mayasworldwideweb.github.io/previews/bird-of-paradise-flowers-14c967.html
Bristol Florist,florist,bristolflorist@verizon.net,https://mayasworldwideweb.github.io/previews/bristol-em-florist-em-bf563a.html
Flower Girl,florist,flowergirlfarmsllc@gmail.com,https://mayasworldwideweb.github.io/previews/flower-girl-cfff63.html
Donna Tortu Rueter Floral Decorator,florist,dtortu-rueter@aol.com,https://mayasworldwideweb.github.io/previews/donna-tortu-rueter-floral-decorator-45e5b3.html
Riverside Floral Co.,florist,riversidefloralco307@gmail.com,https://mayasworldwideweb.github.io/previews/riverside-floral-co-74a860.html
Newtown Floral Company,florist,info@newtownfriends.org,https://mayasworldwideweb.github.io/previews/newtown-floral-company-d874a8.html
New Spirit Inc.,cleaning service,newspirithvac@gmail.com,https://mayasworldwideweb.github.io/previews/new-spirit-inc-e884cb.html
"Dynamic Services, Inc.",cleaning service,general@hydrodynamic.us,https://mayasworldwideweb.github.io/previews/dynamic-services-inc-a55851.html
"Boldsay, LLC",cleaning service,service@boldsay.com,https://mayasworldwideweb.github.io/previews/boldsay-llc-a4cc3a.html
Golden Cut Landscaping,landscaping,goldencutservices@gmail.com,https://mayasworldwideweb.github.io/previews/golden-cut-em-landscaping-em-bd2e30.html
Corcoran Landscaping Incorporated,landscaping,info@corcoran.com,https://mayasworldwideweb.github.io/previews/corcoran-em-landscaping-em-incorporated-b360e6.html
Cedar Creek Landscaping,landscaping,info@cedarcreekla.com,https://mayasworldwideweb.github.io/previews/cedar-creek-em-landscaping-em-d66283.html
BWC Photos,photographer,brothawithacamera@gmail.com,https://mayasworldwideweb.github.io/previews/bwc-photos-02bdd3.html
"Brooke Straiton Photography, LLC",photographer,contact@brookestraiton.com,https://mayasworldwideweb.github.io/previews/brooke-straiton-photography-llc-ff115b.html
Delorenzo's ASP The Image Factory LLC,photographer,info@daspimage.com,https://mayasworldwideweb.github.io/previews/delorenzo-s-asp-the-image-factory-llc-9136e4.html
Spa Seacret,spa,elementsspainc@gmail.com,https://mayasworldwideweb.github.io/previews/em-spa-em-seacret-173409.html
K C Cleaning Service,cleaning service,support@kccleaningcommercial.com,https://mayasworldwideweb.github.io/previews/k-c-cleaning-service-a41524.html
"Antonia's Family Restaurant, LLC",restaurant,antoniasfood@gmail.com,
"C&A Commercial and Residential Cleaning Services, LLC",restaurant,cea@cleaningservicepro.net,https://mayasworldwideweb.github.io/previews/c-a-commercial-and-residential-cleaning-services-llc-826eb1.html
Chapina Cleaning Company LLC,cleaning service,info@chapinacleaning.com,https://mayasworldwideweb.github.io/previews/chapina-cleaning-company-llc-e57b9c.html
"Bernie's Pretzel Bakery, Inc.",bakery,berniespretzels@gmail.com,https://mayasworldwideweb.github.io/previews/bernie-s-pretzel-em-bakery-em-inc-0a93b3.html
Qyst Tire & Automotive Service Center,auto repair,qystauto@gmail.com,https://mayasworldwideweb.github.io/previews/qyst-tire-automotive-service-center-1cda86.html
Houser's Automotive,auto repair,felipe@houser.com,https://mayasworldwideweb.github.io/previews/houser-s-automotive-93d077.html
Norristown Tattoo Company,tattoo parlor,norristowntattoo@gmail.com,https://mayasworldwideweb.github.io/previews/norristown-em-tattoo-em-company-e7cd67.html
"Zone 13 Tattoo, Body Piercing and Cosmetic Tattooing",tattoo parlor,lucky13tattoos@gmail.com,https://mayasworldwideweb.github.io/previews/zone-13-em-tattoo-em-body-piercing-and-cosmetic-tattooing-c36b0b.html
"Polites Florist, Inc.",florist,info@politesweddingflowers.com,https://mayasworldwideweb.github.io/previews/polites-em-florist-em-inc-537e09.html
Needleman Pro Golf,florist,marc@needlemanprogolf.com,https://mayasworldwideweb.github.io/previews/needleman-pro-golf-f52b0b.html
Richardson's Floral Center,florist,info@richardsonsfloralcenter.com,https://mayasworldwideweb.github.io/previews/richardson-s-floral-center-39ea29.html
"Puffin Rugs, LLC",cleaning service,puffinrugs@gmail.com,https://mayasworldwideweb.github.io/previews/puffin-rugs-llc-baa910.html
DriGanic Carpet Cleaning,cleaning service,info@driganic.com,https://mayasworldwideweb.github.io/previews/driganic-carpet-cleaning-475825.html
Aras Rug Company,cleaning service,arasinteriors@aol.com,https://mayasworldwideweb.github.io/previews/aras-rug-company-0d55c5.html
Cricket Landscaping,landscaping,info@dmblandscaping.com,https://mayasworldwideweb.github.io/previews/cricket-em-landscaping-em-4ba87c.html
Ergin's Tree and Landscaping,landscaping,newsunzip@gmail.com,https://mayasworldwideweb.github.io/previews/ergin-s-tree-and-em-landscaping-em-eb05b6.html
"Firefly Photography, LLC",photographer,fireflyphotographyllc@gmail.com,https://mayasworldwideweb.github.io/previews/firefly-photography-llc-7a3dc4.html
K Atwell Photography,photographer,katwellphotography@gmail.com,https://mayasworldwideweb.github.io/previews/k-atwell-photography-7d0c7b.html
Barksdale School Portraits,photographer,sales@barksdale.com,https://mayasworldwideweb.github.io/previews/barksdale-school-portraits-c9cd67.html
Alan Simpson Photography,photographer,alan@alansimpsonphotography.com,https://mayasworldwideweb.github.io/previews/alan-simpson-photography-07aaac.html
Tere Schubert Photography,photographer,schubertstudio@yahoo.com,https://mayasworldwideweb.github.io/previews/tere-schubert-photography-df3e8a.html
Master Craft Auto,auto repair,info@mastercenter.com,https://mayasworldwideweb.github.io/previews/master-craft-auto-3c7a6c.html
"Nature's Gallery Florist, Inc.",florist,info@ngflorist.com,https://mayasworldwideweb.github.io/previews/nature-s-gallery-em-florist-em-inc-e93d00.html
Orangetheory Fitness,gym,johndoe@orangetheoryfitness.com,https://mayasworldwideweb.github.io/previews/orangetheory-fitness-4bafeb.html
Bannan Landscaping Services,landscaping,bannanservices@gmail.com,https://mayasworldwideweb.github.io/previews/bannan-em-landscaping-em-services-e5fbfe.html
Morrow's Fine Photography & Video Studio,photographer,info@morrow.com,https://mayasworldwideweb.github.io/previews/morrow-s-fine-photography-video-studio-a4507c.html
Air Duct & Vent Cleaning,restaurant,info@abdaircleaning.com,https://mayasworldwideweb.github.io/previews/air-duct-vent-cleaning-032719.html
Maize Restaurant,restaurant,info@maizeonwalnut.com,https://mayasworldwideweb.github.io/previews/maize-em-restaurant-em-f9c5fc.html
Warrington Restaurant,restaurant,info@thewarrington.com,https://mayasworldwideweb.github.io/previews/warrington-em-restaurant-em-879df6.html
Moonlight Restaurant,restaurant,sarafristertc@gmail.com,https://mayasworldwideweb.github.io/previews/moonlight-em-restaurant-em-5cd718.html
"MyMaidsPro, LLC",restaurant,admindavid@mymaidspro.com,https://mayasworldwideweb.github.io/previews/mymaidspro-llc-b2ae74.html
"Morabito Baking Co., Inc.",bakery,customerservice@morabito.com,https://mayasworldwideweb.github.io/previews/morabito-baking-co-inc-6d1f5a.html
Thompson Nissan,auto repair,emily_fadeyev@nissan.com.au,https://mayasworldwideweb.github.io/previews/thompson-nissan-d8b17f.html
Tattoo Factory,tattoo parlor,info.mercurytattoo@gmail.com,
Minds Eye Tattoo & Body Piercing,tattoo parlor,minds@minds.org.sg,https://mayasworldwideweb.github.io/previews/minds-eye-em-tattoo-em-body-piercing-dedc93.html
"Mom's Flower Shoppe and Treasures, LLC",florist,abby@momsflowershoppeandtreasures.com,https://mayasworldwideweb.github.io/previews/mom-s-flower-shoppe-and-treasures-llc-8d9759.html
"Kremp Florist, Inc.",florist,contactus@kremp.com,https://mayasworldwideweb.github.io/previews/kremp-em-florist-em-inc-968043.html
"Bucks County Nursery, Inc.",florist,bucksconursery@gmail.com,https://mayasworldwideweb.github.io/previews/bucks-county-nursery-inc-1ab8d3.html
William Penn Roofing,roofing,office@williampennroofing.com,https://mayasworldwideweb.github.io/previews/william-penn-roofing-08c6d5.html
ABCS Carpet Cleaning,cleaning service,customerservice@abcscarpetcleaning.com,https://mayasworldwideweb.github.io/previews/abcs-carpet-cleaning-53f75f.html
Gary's Carpet Cleaning,cleaning service,info@jmscarpetcare.com,https://mayasworldwideweb.github.io/previews/gary-s-carpet-cleaning-5c5274.html
Retro HVAC Service & Installation LLC,hvac,retrohvacllc@gmail.com,https://mayasworldwideweb.github.io/previews/retro-hvac-service-installation-llc-a20dc8.html
Crystal Clean LLC,cleaning service,vpyportal@crystal-clean.com,
Renzo Gracie,gym,renzograciepa@gmail.com,https://mayasworldwideweb.github.io/previews/renzo-gracie-8a3708.html
eFit Financial,gym,flast@efitfinancial.com,https://mayasworldwideweb.github.io/previews/efit-financial-088cf1.html
Sensual Fitness Classes,gym,dragonflyyogastudio@yahoo.com,https://mayasworldwideweb.github.io/previews/sensual-fitness-classes-fffde8.html
Metal Health Gym & Fitness,gym,support@metalcharts.org,
Natareno Landscaping,landscaping,holyfamilyfarmfb@gmail.com,https://mayasworldwideweb.github.io/previews/natareno-em-landscaping-em-102a72.html
Landis Landscaping,landscaping,info@landiscompanies.com,https://mayasworldwideweb.github.io/previews/landis-em-landscaping-em-01d769.html
Rustic Roots Photography,photographer,lexierrphoto@gmail.com,https://mayasworldwideweb.github.io/previews/rustic-roots-photography-2c8634.html
Carl Schwenk Photography,photographer,info@carlschwenkphotography.com,
Vernafern,restaurant,amanda.vernafern@gmail.com,https://mayasworldwideweb.github.io/previews/vernafern-cc7daa.html
The Side Bar,bar,thesidebardoylestown@gmail.com,https://mayasworldwideweb.github.io/previews/the-side-bar-7a8aae.html
Borough Bagels,restaurant,info@boroughbagels.com,https://mayasworldwideweb.github.io/previews/borough-bagels-d3aeaa.html
Cross Culture,restaurant,crossculturecuisine@verizon.net,https://mayasworldwideweb.github.io/previews/cross-culture-d55884.html
Paganini,restaurant,info@paganinidoylestown.com,https://mayasworldwideweb.github.io/previews/paganini-f47f1d.html
Chambers 19,restaurant,hello@chambers19.com,https://mayasworldwideweb.github.io/previews/chambers-19-7e66e9.html
Mandee's Treats,cafe,cookies@mandeestreats.com,https://mayasworldwideweb.github.io/previews/mandee-s-treats-c4799e.html
Mini Mega Electric Gallery,electrician,minimega810@gmail.com,https://mayasworldwideweb.github.io/previews/mini-mega-electric-gallery-9568ad.html
Villa Capri,restaurant,yvonneisatvilla@gmail.com,https://mayasworldwideweb.github.io/previews/villa-capri-9a8fae.html
nourish by MAMA,restaurant,support@nourish.com,https://mayasworldwideweb.github.io/previews/nourish-by-mama-e85215.html
Empanada Mama,restaurant,yoempanadamama@gmail.com,https://mayasworldwideweb.github.io/previews/empanada-mama-31f871.html
Heirloom,restaurant,heirloomdoylestown@gmail.com,https://mayasworldwideweb.github.io/previews/heirloom-e1654e.html
Slate Bleu,restaurant,info@slatebleu.com,https://mayasworldwideweb.github.io/previews/slate-bleu-a7ea3c.html
Carsource Service Center,auto repair,info@carsourceinc.com,https://mayasworldwideweb.github.io/previews/carsource-service-center-d6501f.html
Smiths Auto and Truck Service,auto repair,service@smithsautorepairs.com,https://mayasworldwideweb.github.io/previews/smiths-auto-and-truck-service-c5e7f7.html
SkyRoast Coffee,cafe,skyroast@skyroast.coffee,
Szechuan Hill,restaurant,szechuanhill@hotmail.com,https://mayasworldwideweb.github.io/previews/szechuan-hill-788279.html
Szechuan Lei Lei,restaurant,wongschinesebarry@gmail.com,https://mayasworldwideweb.github.io/previews/szechuan-lei-lei-75ec36.html
Fibonacci Tattoos,tattoo parlor,jennybonestattoos@gmail.com,https://mayasworldwideweb.github.io/previews/fibonacci-tattoos-6c9e8c.html
Rapco Automotive Centers,auto repair,sales@rapcoparts.com,https://mayasworldwideweb.github.io/previews/rapco-automotive-centers-b6bb77.html
Zesty Pizza,pizza,ramalmay@yahoo.com,https://mayasworldwideweb.github.io/previews/zesty-pizza-34b38d.html
Total Carpet Care,cleaning service,info@totalcarpetcare.com.au,https://mayasworldwideweb.github.io/previews/total-carpet-care-7880ce.html
Snyder Landscaping,landscaping,snydersales@snydernet.com,https://mayasworldwideweb.github.io/previews/snyder-em-landscaping-em-616f02.html
Horsham Athletic Club,gym,info@horshamathletic.com,https://mayasworldwideweb.github.io/previews/horsham-athletic-club-a631a8.html
Town and Country Garden Landscaping,landscaping,tncll@hotmail.com,https://mayasworldwideweb.github.io/previews/town-and-country-garden-em-landscaping-em-ee1a62.html
Esposito Studios,photographer,contact@espositogardencenter.com,https://mayasworldwideweb.github.io/previews/esposito-studios-da53d2.html
Dunkin Donuts,bakery,customerservice@dunkinbrands.com,https://mayasworldwideweb.github.io/previews/dunkin-donuts-9b4045.html
Top Knotch Salon,hair salon,info@topknotchlanghorne.com,https://mayasworldwideweb.github.io/previews/top-knotch-salon-17ae98.html
Hopsons Design Studio LLC,hair salon,tanya@hopsonsdesignstudio.com,https://mayasworldwideweb.github.io/previews/hopsons-design-studio-llc-745aa0.html
Sola Salon Studios,hair salon,info@solasalonstudios.com,https://mayasworldwideweb.github.io/previews/sola-salon-studios-a47249.html
Magic nails,nail salon,magicnails2008@gmail.com,https://mayasworldwideweb.github.io/previews/magic-nails-92fa11.html
Cuttin' Loose,beauty salon,frontdesk@cuttinloose.salon,https://mayasworldwideweb.github.io/previews/cuttin-loose-756c08.html
Sonya Salon & Spa,beauty salon,info@sonyasalon.co,https://mayasworldwideweb.github.io/previews/sonya-salon-spa-a2a3a5.html
Harmony and Health Day Spa,spa,info@healingharmonyspa.com,https://mayasworldwideweb.github.io/previews/harmony-and-health-day-em-spa-em-86e1bb.html
Foxmoor Chiropractic Center LLC,massage,ericgellasch@yahoo.com,https://mayasworldwideweb.github.io/previews/foxmoor-chiropractic-center-llc-eee54c.html
Femafric,hair salon,luvonpurposeus@gmail.com,https://mayasworldwideweb.github.io/previews/femafric-a7e8e8.html
Angels Touch Hair Salon,hair salon,alicetur989@hotmail.com,https://mayasworldwideweb.github.io/previews/angels-touch-em-hair-em-em-salon-em-319ada.html
Architeqt Color Bar,bar,info@architeqtcolorbar.com,https://mayasworldwideweb.github.io/previews/architeqt-color-bar-579d70.html
I AM CRAFT Co.,hair salon,i.am.craft16@gmail.com,https://mayasworldwideweb.github.io/previews/i-am-craft-co-9cbc2a.html
iNail Spa,nail salon,inailspa2022@gmail.com,https://mayasworldwideweb.github.io/previews/inail-spa-5d8e35.html
Rubys Beauty Salon,beauty salon,rubyswinehouse@gmail.com,https://mayasworldwideweb.github.io/previews/rubys-em-beauty-em-em-salon-em-a8cdc2.html
Healing day spa and asian massage,massage,zhonghealingspa@gmail.com,https://mayasworldwideweb.github.io/previews/healing-day-em-spa-em-and-asian-massage-0d2619.html
21M Salon,hair salon,21msalon@gmail.com,https://mayasworldwideweb.github.io/previews/21m-salon-8fadbd.html
Beaufusion Massage LLC,massage,beaufusion.massage@gmail.com,https://mayasworldwideweb.github.io/previews/beaufusion-em-massage-em-llc-d0a5bf.html
"Rosemary E. Meyers, Inc.",massage,rosemeyers1@gmail.com,https://mayasworldwideweb.github.io/previews/rosemary-e-meyers-inc-82587f.html
Stellar Hair 2 LLC,hair salon,hello@stellarmls.com,https://mayasworldwideweb.github.io/previews/stellar-hair-2-llc-222de1.html
Anthony J. Hair Studio,hair salon,info@anthonyjhairstudio.com,https://mayasworldwideweb.github.io/previews/anthony-j-hair-studio-7e4546.html
LuXe Nails SPA,nail salon,luxenailsandspa2@gmail.com,https://mayasworldwideweb.github.io/previews/luxe-nails-spa-3e9cb9.html
Queen Nails & Spa,nail salon,hiep19712001@me.com,https://mayasworldwideweb.github.io/previews/queen-nails-spa-61ff5b.html
APS Nail and Spa,nail salon,jadedayspa1@yahoo.com,https://mayasworldwideweb.github.io/previews/aps-nail-and-spa-8bdab4.html
Gel Nails & Spa,nail salon,nailspabeyondholmdel@gmail.com,https://mayasworldwideweb.github.io/previews/gel-nails-spa-3faff6.html
Ispa Nails,nail salon,hunghosm@gmail.com,https://mayasworldwideweb.github.io/previews/ispa-nails-802a9f.html
Markd Beauty and Wellness,beauty salon,markdbeautyandwellness@gmail.com,https://mayasworldwideweb.github.io/previews/markd-beauty-and-wellness-e7f42c.html
Thrive Salon and Spa,spa,thrivesalon@comcast.net,https://mayasworldwideweb.github.io/previews/thrive-salon-and-em-spa-em-4492b3.html
Blue Water Pool and Spa Service,spa,service@bluewaterpoolandspaservice.com,https://mayasworldwideweb.github.io/previews/blue-water-pool-and-em-spa-em-service-94a062.html
All Seasons Pool & Spa,spa,jarsenc@verizon.net,https://mayasworldwideweb.github.io/previews/all-seasons-pool-em-spa-em-bed336.html
Salon Secrets Spa,hair salon,tiffany@salonsecretsspa.com,https://mayasworldwideweb.github.io/previews/salon-secrets-spa-3d1d3d.html
Kiki's Salon Chateau,hair salon,membership@salonbuilder.com,https://mayasworldwideweb.github.io/previews/kiki-s-salon-chateau-230ba9.html
Beauty Bar by Kristina Ruggerio,bar,bbkrfrontdesk@gmail.com,https://mayasworldwideweb.github.io/previews/beauty-bar-by-kristina-ruggerio-1f90cb.html
Matura Salon,hair salon,clientsupport@maturasalonandspa.com,https://mayasworldwideweb.github.io/previews/matura-salon-fb416b.html
Fernwell Salon & Spa,hair salon,fernwellsalonspa@gmail.com,https://mayasworldwideweb.github.io/previews/fernwell-salon-spa-a8f059.html
Zazen Nail Spa LLC,nail salon,info@zazenbeauty.com,https://mayasworldwideweb.github.io/previews/zazen-nail-spa-llc-4e2f60.html
Ethan Nails,nail salon,customerservice@ethanallen.com,https://mayasworldwideweb.github.io/previews/ethan-nails-8dffe9.html
Beauty Bar by Saiko,bar,hello@beautybarbysaiko.com,https://mayasworldwideweb.github.io/previews/beauty-bar-by-saiko-d2dced.html
Radiance Med Sp,spa,contact@radiancepa.com,https://mayasworldwideweb.github.io/previews/radiance-med-sp-92a9a1.html
ElevateHealth Aesthetics,spa,shindeniyati1@gmail.com,https://mayasworldwideweb.github.io/previews/elevatehealth-aesthetics-605c09.html
East Coast Float Spa,spa,hello@eastcoastfloatspa.com,https://mayasworldwideweb.github.io/previews/east-coast-float-em-spa-em-ead1ce.html
Franklin Auto Spa,spa,carlinsautomotivellc@gmail.com,https://mayasworldwideweb.github.io/previews/franklin-auto-em-spa-em-f78df8.html
Bloomly Massage,massage,booking@bloomlymassage.com,https://mayasworldwideweb.github.io/previews/bloomly-em-massage-em-88ac72.html
Polished Nails,nail salon,polishednailsbydonia@gmail.com,https://mayasworldwideweb.github.io/previews/polished-nails-1ca2d9.html
Beth's Hair Boutique,hair salon,bethshair@verizon.net,https://mayasworldwideweb.github.io/previews/beth-s-hair-boutique-b75bda.html
Rejuvenate Rx Medspa,spa,info@rejuvenaterxmedspa.com,https://mayasworldwideweb.github.io/previews/rejuvenate-rx-medspa-8877b3.html
Triada Integravtive Medicine & Wellness,spa,triadaimwinfo@gmail.com,https://mayasworldwideweb.github.io/previews/triada-integravtive-medicine-wellness-cc2a77.html
Juve Medical Spa,spa,owner@juvemedicalspa.com,https://mayasworldwideweb.github.io/previews/juve-medical-spa-7eb8f6.html
Relax The Back Store,massage,brynmawr@relaxtheback.com,https://mayasworldwideweb.github.io/previews/relax-the-back-store-109143.html
Mindful Metta Massage,massage,joanrose108@gmail.com,https://mayasworldwideweb.github.io/previews/mindful-metta-massage-a73615.html
Great Clips,hair salon,heather.leiferman@greatclips.com,https://mayasworldwideweb.github.io/previews/great-clips-a5e6d3.html
Satori Laser - Philadelphia,beauty salon,management@satorilaser.com,https://mayasworldwideweb.github.io/previews/satori-laser-philadelphia-455180.html
Rinse,hair salon,hello@maidnearme.com,https://mayasworldwideweb.github.io/previews/rinse-493f48.html
the Nail Lounge by Mel,nail salon,naillounge.s.b@gmail.com,https://mayasworldwideweb.github.io/previews/the-nail-lounge-by-mel-978cb7.html
Unique Cuts,hair salon,contact@englishan.com,https://mayasworldwideweb.github.io/previews/unique-cuts-52bbe7.html
Beauty Salon Preciosa,hair salon,hola@evamuerdelamanzana.com,https://mayasworldwideweb.github.io/previews/beauty-salon-preciosa-239d3e.html
Mabella’S Nail studio,nail salon,mangia@mabellarestaurant.com,https://mayasworldwideweb.github.io/previews/mabella-s-nail-studio-6a0a77.html
The King of Shave,hair salon,info@thekingofshave.com,https://mayasworldwideweb.github.io/previews/the-king-of-shave-acdd39.html
Darling Jack's Tavern,nail salon,info@darlingjacks.com,https://mayasworldwideweb.github.io/previews/darling-jack-s-tavern-9058b6.html
Salon Bella,beauty salon,bellamentespaandsalon@gmail.com,https://mayasworldwideweb.github.io/previews/salon-bella-c2ab13.html
Mockingbird Salon,hair salon,mockingbird2010@gmail.com,https://mayasworldwideweb.github.io/previews/mockingbird-salon-b47500.html
The Mens Salon,hair salon,menssalonphilly@gmail.com,https://mayasworldwideweb.github.io/previews/the-mens-salon-70838e.html
El Vez,nail salon,102@toplisting.us,https://mayasworldwideweb.github.io/previews/el-vez-01a150.html
The Love,nail salon,info@venuebear.com,https://mayasworldwideweb.github.io/previews/the-love-7007a2.html
Prunella,nail salon,prunellainfo@schulson.com,https://mayasworldwideweb.github.io/previews/prunella-6da40d.html
Molly Malloy's,nail salon,info@mollymalloysphilly.com,https://mayasworldwideweb.github.io/previews/molly-malloy-s-f78f31.html
Green Spa,spa,booking@ancientbathsny.com,https://mayasworldwideweb.github.io/previews/green-spa-20816c.html
Lumin Spa,massage,tuyenduong0308@gmai.com,https://mayasworldwideweb.github.io/previews/lumin-spa-c67b83.html
Nga Hair Salon,hair salon,bd@infinities.com.cn,https://mayasworldwideweb.github.io/previews/nga-hair-salon-fa974e.html
"Asian Beauty Nail Supply, Inc",nail salon,youngbeautysupply7@gmail.com,https://mayasworldwideweb.github.io/previews/asian-beauty-nail-supply-inc-3cb049.html
Cassandra's Creations,hair salon,user-subscribe@cassandra.apache.org,https://mayasworldwideweb.github.io/previews/cassandra-s-creations-95a27b.html
Alternatives Beauty Studio,hair salon,director@alternativesbeautyschool.com,https://mayasworldwideweb.github.io/previews/alternatives-beauty-studio-dedce7.html
Tranquility Salon and Day Spa,spa,sheartranquility@gmail.com,https://mayasworldwideweb.github.io/previews/tranquility-salon-and-day-spa-9c8f11.html
ColourHouse,hair salon,louise.klarsten@colourhouse.se,https://mayasworldwideweb.github.io/previews/colourhouse-fe624f.html
Wei's Day Spa - Ganttown Rd,spa,stan.cravity@gmail.com,https://mayasworldwideweb.github.io/previews/wei-s-day-spa-ganttown-rd-5269b2.html
Laurie Taylor Skin Care,massage,laurie@laurietaylorskincare.com,https://mayasworldwideweb.github.io/previews/laurie-taylor-skin-care-f4fb65.html
Dazzle Me Bronze,beauty salon,dazzlemebronze2@outlook.com,https://mayasworldwideweb.github.io/previews/dazzle-me-bronze-c8e907.html
Sole Wellness & Aesthetics,beauty salon,solewellnessandaesthetics@gmail.com,https://mayasworldwideweb.github.io/previews/sole-wellness-aesthetics-b568f3.html
Posh Nail Spa,nail salon,lelaivn@gmail.com,https://mayasworldwideweb.github.io/previews/posh-nail-spa-e3ff3f.html
Nail & Beauty Doctor Etc,nail salon,ccnails111@gmail.com,https://mayasworldwideweb.github.io/previews/nail-beauty-doctor-etc-f5820d.html
Ralph's Scissors Sensations,hair salon,info@ralphsmarket.net,https://mayasworldwideweb.github.io/previews/ralph-s-scissors-sensations-96578e.html
House of Clarity,hair salon,mail@houseofclarity.com,https://mayasworldwideweb.github.io/previews/house-of-clarity-9e2fb1.html
Luna Rosa Salon,hair salon,lunarosasalon@gmail.com,https://mayasworldwideweb.github.io/previews/luna-rosa-salon-2749ed.html
Ly Jen Massage & Spa,massage,aprilong41@gmail.com,https://mayasworldwideweb.github.io/previews/ly-jen-massage-spa-cdab4c.html
Melissa S' Dominican Beauty Salon,hair salon,info@melissa.com,https://mayasworldwideweb.github.io/previews/melissa-s-dominican-beauty-salon-aa3ef3.html
Salon Joseph Kenneth,hair salon,salonjosephkenneth@gmail.com,https://mayasworldwideweb.github.io/previews/salon-joseph-kenneth-6ae1a7.html
Skin and Body Klinic Aesthetic & Wellness Center,massage,info@skinandbodyklinic.com,https://mayasworldwideweb.github.io/previews/skin-and-body-klinic-aesthetic-wellness-center-1175ae.html
New Oasis Massage,massage,newoasismassage08034@gmail.com,https://mayasworldwideweb.github.io/previews/new-oasis-massage-a21f14.html
Chung Beauty Salon,hair salon,info@chungsfoods.com,https://mayasworldwideweb.github.io/previews/chung-beauty-salon-5860ce.html
Kneading Universal Massage,massage,info@spa.us,https://mayasworldwideweb.github.io/previews/kneading-universal-massage-33f57d.html
Footy Rooty - Cherry Hill,massage,bill@footyrooty.com,https://mayasworldwideweb.github.io/previews/footy-rooty-cherry-hill-1ecfbc.html
Massage Fairmount Ave,massage,info@massagebahamas.com,https://mayasworldwideweb.github.io/previews/massage-fairmount-ave-de50a7.html
Huyhn Chau Thi,hair salon,phohuynhgirl@yahoo.com,https://mayasworldwideweb.github.io/previews/huyhn-chau-thi-cdf4a8.html
Sun Spa,beauty salon,sunspa99@outlook.com,https://mayasworldwideweb.github.io/previews/sun-spa-ed2326.html
Tornambe's Hairstyling,hair salon,tornambesbarbershop@gmail.com,https://mayasworldwideweb.github.io/previews/tornambe-s-hairstyling-45dfeb.html
"Prestige Salons, Inc.",hair salon,info.prestigesalons@gmail.com,https://mayasworldwideweb.github.io/previews/prestige-salons-inc-45af24.html
Cay Nails,nail salon,caynailspa@gmail.com,https://mayasworldwideweb.github.io/previews/cay-nails-535f62.html
Golden Nails & Spa,nail salon,info@goldenpuppies.com,https://mayasworldwideweb.github.io/previews/golden-nails-spa-20e7c8.html
Charming Nails,nail salon,nghia391981@yahoo.com,https://mayasworldwideweb.github.io/previews/charming-nails-98cdb2.html
Ardmore Nails and Spa,nail salon,ardmorenailsandspa@gmail.com,https://mayasworldwideweb.github.io/previews/ardmore-nails-and-spa-80709c.html
La Mirage Hair Salon and Day Spa,spa,facebook@lamiragespa.com,
Bella Medispa,spa,annapurnabella@gmail.com,https://mayasworldwideweb.github.io/previews/bella-medispa-23030f.html
Bloom Beauty Bar and Medispa,bar,info@bloomohio.com,https://mayasworldwideweb.github.io/previews/bloom-beauty-bar-and-medispa-482ec4.html
Mint & Needle,spa,info@mintandneedle.com,https://mayasworldwideweb.github.io/previews/mint-needle-be6de6.html
One Spirit Massage,massage,onespiritmassage@verizon.net,https://mayasworldwideweb.github.io/previews/one-spirit-em-massage-em-7d618c.html
Academy of Massage and Bodywork,massage,info@massage-academy.com,https://mayasworldwideweb.github.io/previews/academy-of-em-massage-em-and-bodywork-c2adaf.html
Cami Nails and Spa,nail salon,caminailsandspa@gmail.com,https://mayasworldwideweb.github.io/previews/cami-nails-and-spa-1cfe7f.html
Glenside Auto SPA,spa,gautospa@gmail.com,https://mayasworldwideweb.github.io/previews/glenside-auto-em-spa-em-37437f.html
"Wrinklesaway, LLC",spa,wrinklesaway@gmail.com,https://mayasworldwideweb.github.io/previews/wrinklesaway-llc-b24186.html
Fantastic Sams,beauty salon,webassist@fantasticsams.com,https://mayasworldwideweb.github.io/previews/fantastic-sams-58387e.html
"A & A Beauty Supply, Inc.",hair salon,customerservice@aabeautysupplies.com,https://mayasworldwideweb.github.io/previews/a-a-beauty-supply-inc-9586a0.html
Emalie Harris c/o Studio 111,hair salon,info@studio111architecture.com,https://mayasworldwideweb.github.io/previews/emalie-harris-c-o-studio-111-df9593.html
Good Hair Day,hair salon,goodhairdaycollection@gmail.com,https://mayasworldwideweb.github.io/previews/good-hair-day-651081.html
Hornell Spa and Nails,nail salon,hornellpartners@gmail.com,https://mayasworldwideweb.github.io/previews/hornell-spa-and-nails-6dd39e.html
A Jason Clemons Salon & Spa,nail salon,ajcsalon@yahoo.com,https://mayasworldwideweb.github.io/previews/a-jason-clemons-salon-spa-728769.html
"Regal Nails, Salon & Spa",nail salon,comments@regalnails.com,https://mayasworldwideweb.github.io/previews/regal-nails-salon-spa-5b762b.html
Nails By Design,nail salon,inquires@qqnailspa.com,https://mayasworldwideweb.github.io/previews/nails-by-design-77aa16.html
Bella Capelli Salon,beauty salon,first@bellacapellinapa.com,https://mayasworldwideweb.github.io/previews/bella-capelli-salon-e8755d.html
Black Sheep Inn & Spa,spa,jondambach.blacksheep@gmail.com,https://mayasworldwideweb.github.io/previews/black-sheep-inn-em-spa-em-93ab64.html
Escape Aqua Massage and Infrared Therapy Spa LLC,massage,escapeaquamassage@yahoo.com,https://mayasworldwideweb.github.io/previews/escape-aqua-massage-and-infrared-therapy-em-spa-em-llc-ae1c11.html
"AgeLess, LLC Integrative Medical Spa",spa,info@agelessrx.com,https://mayasworldwideweb.github.io/previews/ageless-llc-integrative-medical-em-spa-em-bc31fa.html
Styled by Sigurdson,hair salon,jennifer.sigurdson@gmail.com,https://mayasworldwideweb.github.io/previews/styled-by-sigurdson-bdb3f2.html
Crush Bar,bar,info@thecrushbar.com,https://mayasworldwideweb.github.io/previews/crush-bar-c38661.html
CEO Nails & Spa,nail salon,kevinvu611@gmail.com,https://mayasworldwideweb.github.io/previews/ceo-nails-spa-626e3a.html
Salon Savvy,beauty salon,gemellesalon@yahoo.com,https://mayasworldwideweb.github.io/previews/salon-savvy-fd3641.html
Hair Designs by Bob Bobeck,beauty salon,bobo0275@msn.com,https://mayasworldwideweb.github.io/previews/hair-designs-by-bob-bobeck-d73d7b.html
Casa Dolce Spa,spa,casadeldolcephila@yahoo.com,https://mayasworldwideweb.github.io/previews/casa-dolce-em-spa-em-22ef0d.html
Pinetree Spa,spa,spagirl873@gmail.com,https://mayasworldwideweb.github.io/previews/pinetree-em-spa-em-3e6140.html
The Sewickley Spa,spa,jonelle@sewickleyspa.com,https://mayasworldwideweb.github.io/previews/the-sewickley-em-spa-em-98669e.html
Magnolia Massage Company,massage,mmc@massagetherapy.com,https://mayasworldwideweb.github.io/previews/magnolia-em-massage-em-company-fbc5cd.html
Rooted in Wellness,massage,info@rootedwellnessot.com,https://mayasworldwideweb.github.io/previews/rooted-in-wellness-3e007d.html
Tranquility Massage Therapy,massage,tranquility.massagetherapy@yahoo.com,https://mayasworldwideweb.github.io/previews/tranquility-em-massage-em-therapy-956a74.html
Allegheny Muscle Therapy and Massage,massage,muscletherapyandmassage@gmail.com,
The Natural Hair Spa,hair salon,locsbypeace@yahoo.com,https://mayasworldwideweb.github.io/previews/the-natural-hair-spa-7d5b5f.html
Omnia Spa,spa,oldcity@omniaspa.com,https://mayasworldwideweb.github.io/previews/omnia-em-spa-em-c1bc3e.html
4Ever Young Anti-Aging Solutions,spa,info@4everyoungcentercityphilly.com,https://mayasworldwideweb.github.io/previews/4ever-young-anti-aging-solutions-224bb5.html
"PhillyMedClub, PLLC",spa,info@phillymedclub.com,https://mayasworldwideweb.github.io/previews/phillymedclub-pllc-5a8de3.html
The Spa Terme Di Aroma,spa,accounting@termediaroma.com,https://mayasworldwideweb.github.io/previews/the-em-spa-em-terme-di-aroma-5c4892.html
Lush 317 Hair Design,hair salon,lush317@verizon.net,https://mayasworldwideweb.github.io/previews/lush-317-hair-design-6dc2db.html
Rise Hair Studio,hair salon,risehairstudiohbg@gmail.com,https://mayasworldwideweb.github.io/previews/rise-hair-studio-d84836.html
Shear Impressions,hair salon,shearimpressionsbyana@gmail.com,https://mayasworldwideweb.github.io/previews/shear-impressions-a48dcc.html
Smartstyles,hair salon,mail@smartstyles.us,https://mayasworldwideweb.github.io/previews/smartstyles-6d5eb2.html
Lash Lounge,lash studio,triolashllc@gmail.com,https://mayasworldwideweb.github.io/previews/lash-lounge-a9fe80.html
Happie Soul Wellness,spa,support@drinkhappie.com,https://mayasworldwideweb.github.io/previews/happie-soul-wellness-1cab61.html
Vraie Spa,spa,info@vraiespa.com,https://mayasworldwideweb.github.io/previews/vraie-em-spa-em-9f6d72.html
Tiffanys on 8th Salon & Spa,spa,tiffanyson8th@gmail.com,https://mayasworldwideweb.github.io/previews/tiffanys-on-8th-salon-em-spa-em-511bc4.html
A Simple Escape,massage,asimpleescape2124@gmail.com,https://mayasworldwideweb.github.io/previews/a-simple-escape-55bb24.html
Lovee Nails & Spa,nail salon,support@lovee.co,https://mayasworldwideweb.github.io/previews/lovee-nails-spa-932d4d.html
The Head Shoppe - Mic Mac Mall,hair salon,mmhs@headshoppe.ca,https://mayasworldwideweb.github.io/previews/the-head-shoppe-mic-mac-mall-3bafda.html
Intrinsic Salon & Spa,hair salon,info@intrinsicsalonspa.com,https://mayasworldwideweb.github.io/previews/intrinsic-salon-spa-100e56.html
Style by Siwar Studio,hair salon,stylebysiwarstudio@gmail.com,https://mayasworldwideweb.github.io/previews/style-by-siwar-studio-55d63e.html
Nailed Down (Gelly Nails),nail salon,sales@get-nailed.com,https://mayasworldwideweb.github.io/previews/nailed-down-gelly-nails-1db0bb.html
Spice Nails,nail salon,staug@spiceandtea.com,https://mayasworldwideweb.github.io/previews/spice-nails-a750ba.html
Sensea Nordic Spa,spa,info@sensea.ca,https://mayasworldwideweb.github.io/previews/sensea-nordic-em-spa-em-b59897.html
Julia's Electrolysis and Laser,spa,phillyzapster@gmail.com,https://mayasworldwideweb.github.io/previews/julia-s-electrolysis-and-laser-0fbd44.html
Art of Healing Wellness Centre,massage,suehealing140@gmail.com,https://mayasworldwideweb.github.io/previews/art-of-healing-wellness-centre-8e471e.html
Bedford Health Centre,massage,info@bedfordhealthcentre.com,https://mayasworldwideweb.github.io/previews/bedford-health-centre-9c8bfb.html
Stage Hands Massage Therapy,massage,info@muscleandflowmassage.com,https://mayasworldwideweb.github.io/previews/stage-hands-em-massage-em-therapy-9aadb0.html
Salon Brigine,hair salon,salonbrigine@gmail.com,https://mayasworldwideweb.github.io/previews/salon-brigine-e386fb.html
Sorella Hair Salon,hair salon,info@sorella.salon,https://mayasworldwideweb.github.io/previews/sorella-em-hair-em-em-salon-em-024679.html
Fantasia Hair & Nail Salon,nail salon,thecuttingpoint1642@comcast.net,https://mayasworldwideweb.github.io/previews/fantasia-em-hair-em-nail-em-salon-em-aa4912.html
"Second Street Salon, Inc.",hair salon,secondstreetsalon@gmail.com,https://mayasworldwideweb.github.io/previews/second-street-salon-inc-d2eeea.html
Ascend Salon & Beauty Supply,hair salon,ascendbeautysupply@gmail.com,https://mayasworldwideweb.github.io/previews/ascend-salon-beauty-supply-69e61e.html
BodiedByBlue LLC,nail salon,lauren@bodiedbyblue.com,https://mayasworldwideweb.github.io/previews/bodiedbyblue-llc-3db7f3.html
C L Hair Design,hair salon,info@philadelphiahairdesign.com,https://mayasworldwideweb.github.io/previews/c-l-hair-design-3548cd.html
"Pocono Pool & Spa, LLC",spa,retail@poconopoolandspa.com,https://mayasworldwideweb.github.io/previews/pocono-pool-em-spa-em-llc-43d017.html
Pro Fitness Club,gym,info@sweatfitness.com,https://mayasworldwideweb.github.io/previews/pro-fitness-club-69bc38.html
Clear Mountain Wellness,massage,info@clearmountainwellness.com,https://mayasworldwideweb.github.io/previews/clear-mountain-wellness-437330.html
Studio Glow Hair,hair salon,glowhairstudiopa@gmail.com,https://mayasworldwideweb.github.io/previews/studio-glow-hair-0ec26f.html
The Accord Center for Rejuvenation,spa,contact@phillyexpocenter.com,https://mayasworldwideweb.github.io/previews/the-accord-center-for-rejuvenation-74ff37.html
Tammy Roupp LMT Therapeutic Massage,massage,dtroupp2@gmail.com,https://mayasworldwideweb.github.io/previews/tammy-roupp-lmt-therapeutic-em-massage-em-f0f19d.html
Solace Therapeutic Bodywork and Massage,massage,solaceconnections@gmail.com,https://mayasworldwideweb.github.io/previews/solace-therapeutic-bodywork-and-em-massage-em-b350e1.html
Giovanni & Pileggi,hair salon,giovanninashville@gmail.com,https://mayasworldwideweb.github.io/previews/giovanni-pileggi-4f355c.html
Charlie Salon,beauty salon,support@charlie.com,https://mayasworldwideweb.github.io/previews/charlie-salon-deae65.html
Forever Young Med Spa,spa,info@njforeveryoungmd.com,
Gunns & Roses Tattoo and Piercing Parlor,tattoo parlor,natalienourick@icloud.com,https://mayasworldwideweb.github.io/previews/gunns-roses-em-tattoo-em-and-piercing-parlor-646695.html
Philadelphia Tattoo Supply,tattoo parlor,tattoo@cssupply.net,https://mayasworldwideweb.github.io/previews/philadelphia-em-tattoo-em-supply-bbb502.html
Flowers by David,florist,simplyelegantri@yahoo.com,https://mayasworldwideweb.github.io/previews/flowers-by-david-836efc.html
Miss BeeHaven Florist,florist,missbeehavenflorist@gmail.com,https://mayasworldwideweb.github.io/previews/miss-beehaven-em-florist-em-6a6af8.html
Ye Olde Yardley Florist,florist,yardley.florist@gmail.com,https://mayasworldwideweb.github.io/previews/ye-olde-yardley-em-florist-em-189663.html
Newtown Floral Company,florist,info@newtownfloral.com,https://mayasworldwideweb.github.io/previews/newtown-floral-company-d874a8.html
Servpro Of Society Hill,cleaning service,jdoe@servprosocietyhill.com,https://mayasworldwideweb.github.io/previews/servpro-of-society-hill-e3fbb2.html
Reliable Roofing Company,roofing,info@theroofingcompanybristol.co.uk,https://mayasworldwideweb.github.io/previews/reliable-roofing-company-02a21d.html
LVK Photography,photographer,laracottonphotography@gmail.com,https://mayasworldwideweb.github.io/previews/lvk-photography-53ed57.html
Trenton Photographers,photographer,obits@trentonian.com,https://mayasworldwideweb.github.io/previews/trenton-photographers-3eaaf9.html
Ink Slingas Tattoo LLC,tattoo parlor,lucky@inkslingerztattoostudio.com,https://mayasworldwideweb.github.io/previews/ink-slingas-em-tattoo-em-llc-255043.html
Accents by Michele Flower Studio,florist,accentsbymichele@verizon.net,https://mayasworldwideweb.github.io/previews/accents-by-michele-flower-studio-3ebda3.html
Petals In The Park,florist,service@petals.com,https://mayasworldwideweb.github.io/previews/petals-in-the-park-d37179.html
"Dream Team - Plumbing, Heating, Cooling, & Electric",plumber,teamoffice@dreamteampa.com,https://mayasworldwideweb.github.io/previews/dream-team-plumbing-heating-cooling-electric-366943.html
Time to Shine,cleaning service,support@timetoshinepa.com,https://mayasworldwideweb.github.io/previews/time-to-shine-6f3280.html
"Madsen, Inc.",cleaning service,estimating@madseninc.com,https://mayasworldwideweb.github.io/previews/madsen-inc-776cf3.html
Barksdale School Portraits,photographer,service@barksdalephoto.com,https://mayasworldwideweb.github.io/previews/barksdale-school-portraits-c9cd67.html
Philadelphia  Flower Market,florist,phillyflowers@verizon.net,https://mayasworldwideweb.github.io/previews/philadelphia-flower-market-386512.html
Light Thief Productions,photographer,contact@light-thief.com,https://mayasworldwideweb.github.io/previews/light-thief-productions-c84676.html
Revelation Tattoo & Piercing,tattoo parlor,tattoorevelation@gmail.com,https://mayasworldwideweb.github.io/previews/revelation-em-tattoo-em-piercing-6ea79a.html
Frederick's Flowers,florist,fredericksflowers@verizon.net,https://mayasworldwideweb.github.io/previews/frederick-s-flowers-c6d07c.html
Valleygreen Flowers & Gifts,florist,vgsales@verizon.net,https://mayasworldwideweb.github.io/previews/valleygreen-flowers-gifts-9dc0f8.html
Luxus Spalon,beauty salon,info@luxusco.com,https://mayasworldwideweb.github.io/previews/luxus-spalon-d88923.html
"Arista Pool and Spa, Inc.",spa,mciaccio3@aristapools.com,https://mayasworldwideweb.github.io/previews/arista-pool-and-em-spa-em-inc-6ae0f0.html
Fabulous Nail Bar,nail salon,fabulousnailbar@gmail.com,https://mayasworldwideweb.github.io/previews/fabulous-nail-bar-a2c9b0.html
Henrietta E. Anthony,nail salon,info@henriettala.com,https://mayasworldwideweb.github.io/previews/henrietta-e-anthony-49ba13.html
"Sun Dazed Tanning, LLC",beauty salon,shopsundazedde@gmail.com,https://mayasworldwideweb.github.io/previews/sun-dazed-tanning-llc-088833.html
Ambler Flower Shop,florist,orderdesk@amblerflowershop.com,https://mayasworldwideweb.github.io/previews/ambler-flower-shop-5eac8e.html
Always Beautiful Floral Design Studio LLC,florist,alwaysbeautifulfds@gmail.com,https://mayasworldwideweb.github.io/previews/always-beautiful-floral-design-studio-llc-c4ff52.html
"Angel Heating & Cooling, Inc.",hvac,angel_cares@angelhvac.com,https://mayasworldwideweb.github.io/previews/angel-heating-cooling-inc-52982b.html
Walker Studio,photographer,firstl@walkerstudiophoto.com,https://mayasworldwideweb.github.io/previews/walker-studio-c3464b.html
Aster's Floral Shop,florist,astersflowershop@gmail.com,https://mayasworldwideweb.github.io/previews/aster-s-floral-shop-6b3384.html
Ten Pennies Florist,florist,wecare@tenpenniesfloral.com,https://mayasworldwideweb.github.io/previews/ten-pennies-em-florist-em-eb4147.html
Wicks 'Honey Do' Services LLC,cleaning service,info@wicksaircraft.com,https://mayasworldwideweb.github.io/previews/wicks-honey-do-services-llc-f8850f.html
"Focus HVAC, LLC",hvac,info@focus-hvac.com,https://mayasworldwideweb.github.io/previews/focus-hvac-llc-b55684.html
Shooting Star Photography,photographer,shootingstarsouthjersey@gmail.com,https://mayasworldwideweb.github.io/previews/shooting-star-photography-2fc9b6.html
Endless Faith Photography,photographer,info@endlessllp.com,https://mayasworldwideweb.github.io/previews/endless-faith-photography-7a1d6d.html
"Raven Media, LLC",photographer,support@goravenmedia.com,https://mayasworldwideweb.github.io/previews/raven-media-llc-32b8be.html
Main Street Tattoo Studios,tattoo parlor,stefanistipple@gmail.com,https://mayasworldwideweb.github.io/previews/main-street-em-tattoo-em-studios-c91799.html
Petals Flowers & Fine Gifts,florist,petalsflowers@comcast.net,https://mayasworldwideweb.github.io/previews/petals-flowers-fine-gifts-e342e3.html
"Pacer Pool Services & Supplies, Inc.",cleaning service,info@pacerpools.com,https://mayasworldwideweb.github.io/previews/pacer-pool-services-supplies-inc-21f920.html
Valley Forge Flowers,florist,first@valleyforgeflowers.com,https://mayasworldwideweb.github.io/previews/valley-forge-flowers-146094.html
Wesley Wood Service Experts,cleaning service,info@thewesleycommunity.org,https://mayasworldwideweb.github.io/previews/wesley-wood-service-experts-c60ba0.html
"Unlimited Construction Company, Incorporated",cleaning service,info@unlimitedconstruct.com,https://mayasworldwideweb.github.io/previews/unlimited-construction-company-incorporated-14f2ee.html
Maid in Cleaning,cleaning service,hello@phillymaids.com,https://mayasworldwideweb.github.io/previews/maid-in-cleaning-48af27.html
Terra Florist,florist,jjam1332@yahoo.com,https://mayasworldwideweb.github.io/previews/terra-florist-b12b7b.html
Twisted Tattoo And Piercings,tattoo parlor,mark@tryhardguides.com,https://mayasworldwideweb.github.io/previews/twisted-tattoo-and-piercings-d33b94.html
Torresdale Flower Shop,florist,amtorresdale@verizon.net,https://mayasworldwideweb.github.io/previews/torresdale-flower-shop-220782.html
InkAway Laser Tattoo Removal,tattoo parlor,info@inkawaylaser.com,https://mayasworldwideweb.github.io/previews/inkaway-laser-em-tattoo-em-removal-320ad6.html
"Quillen Contracting, Inc.",handyman,info@quillencontracting.net,https://mayasworldwideweb.github.io/previews/quillen-contracting-inc-c9529c.html
Noymi House Cleaning Service,cleaning service,info@smellyscleaning.com,https://mayasworldwideweb.github.io/previews/noymi-house-em-cleaning-em-em-service-em-d24a29.html
AG Marketing Solutions,photographer,info@agmsolutions.com,https://mayasworldwideweb.github.io/previews/ag-marketing-solutions-f68827.html
Spark Photography,photographer,sparkphotographer@gmail.com,https://mayasworldwideweb.github.io/previews/spark-photography-96af4d.html
JPG Photography,photographer,jamespatrickgarrett@gmail.com,https://mayasworldwideweb.github.io/previews/jpg-photography-42c9f8.html
Ink Therapy Tattoo Studios,tattoo parlor,divineink23@gmail.com,https://mayasworldwideweb.github.io/previews/ink-therapy-em-tattoo-em-studios-4c67f7.html
Bobola Farms,florist,bobolalambs48@aol.com,https://mayasworldwideweb.github.io/previews/bobola-farms-3df167.html
Elana's Broad Street Florist,florist,elanasflorist@gmail.com,https://mayasworldwideweb.github.io/previews/elana-s-broad-street-em-florist-em-6665a5.html
"Givens Flowers & Gifts, Inc.",florist,gtransportation@givens.com,https://mayasworldwideweb.github.io/previews/givens-flowers-gifts-inc-2db38c.html
Oxi Fresh of Delaware,cleaning service,customersupport@oxifresh.com,https://mayasworldwideweb.github.io/previews/oxi-fresh-of-delaware-7598be.html
Chimneys Inc.,cleaning service,ragtopstingray@yahoo.com,https://mayasworldwideweb.github.io/previews/chimneys-inc-b609c4.html
Eric Crossan Studios,photographer,ericcrossanphoto@gmail.com,https://mayasworldwideweb.github.io/previews/eric-crossan-studios-490763.html
Samantha Jane Photography,photographer,info@samanthajanephoto.com,https://mayasworldwideweb.github.io/previews/samantha-jane-photography-c2ec32.html
IMJ Productions,photographer,info.imjh@gmail.com,https://mayasworldwideweb.github.io/previews/imj-productions-c80f77.html
"Chelsea Powell Photography, LLC",photographer,chelsea@chelseapowellphotography.com,https://mayasworldwideweb.github.io/previews/chelsea-powell-photography-llc-cbdf4d.html
Studio G Indoor Spaces & Outdoor Living,photographer,ken@studiogoutdoorliving.com,https://mayasworldwideweb.github.io/previews/studio-g-indoor-spaces-outdoor-living-401c8a.html
"Indian Valley Office Cleaning,Inc.",restaurant,curryloungeharrisburg23@gmail.com,https://mayasworldwideweb.github.io/previews/indian-valley-office-cleaning-inc-8b752a.html
"Elite 3 Facilities Maintenance, LLC",cleaning service,contact@elitehealthcarecenter.com,https://mayasworldwideweb.github.io/previews/elite-3-facilities-maintenance-llc-5787d4.html
"Fisher Mechanical, Inc.",cleaning service,fishermechanical5@gmail.com,https://mayasworldwideweb.github.io/previews/fisher-mechanical-inc-c07fa2.html
Make Flow Drain Cleaning & Plumbing Service,plumber,christopher@kccdrains.com,https://mayasworldwideweb.github.io/previews/make-flow-drain-em-cleaning-em-plumbing-em-service-em-187794.html
Suffer Ink Tattoo,tattoo parlor,incarnationtattoo@gmail.com,https://mayasworldwideweb.github.io/previews/suffer-ink-em-tattoo-em-41aab1.html
Nostalgia Tattoo,tattoo parlor,oldecitytattoo13@gmail.com,https://mayasworldwideweb.github.io/previews/nostalgia-em-tattoo-em-ce15d6.html
No Ego Tattoo,tattoo parlor,info@centraltattoostudio.com,https://mayasworldwideweb.github.io/previews/no-ego-em-tattoo-em-c18cf6.html
Between the Pines Blooms and Botanticals,florist,danielle@betweenthepinesbab.com,https://mayasworldwideweb.github.io/previews/between-the-pines-blooms-and-botanticals-c91dc4.html
Angie's Cleaning Services,cleaning service,angie.cleaning0@gmail.com,https://mayasworldwideweb.github.io/previews/angie-s-cleaning-services-278cdd.html
Stems By Syd,florist,stemsbysyd@gmail.com,
Ginger Gardens,florist,anna@gingergardensbf.com,https://mayasworldwideweb.github.io/previews/ginger-gardens-5eab3d.html
"A & N Lawn Service, Inc",landscaping,f.last@anlawnservice.com,https://mayasworldwideweb.github.io/previews/a-n-lawn-service-inc-216581.html
Benjamin's Window Tinting & Detailing,car wash,benwodarek96@outlook.com,https://mayasworldwideweb.github.io/previews/benjamin-s-window-tinting-detailing-547e3f.html
Tomei's Janitorial Scvs.,cleaning service,info@tomeijanitorial.com,https://mayasworldwideweb.github.io/previews/tomei-s-janitorial-scvs-2f7515.html
Fresh Memories Studio,photographer,studio@freshmemoriesstudio.com,https://mayasworldwideweb.github.io/previews/fresh-memories-studio-4022af.html
Anya Blanda Photography LLC,photographer,anyablandaphotography@gmail.com,https://mayasworldwideweb.github.io/previews/anya-blanda-photography-llc-e2dea2.html
Amber Marie Photography,photographer,hello@amber-marie-photography.com,https://mayasworldwideweb.github.io/previews/amber-marie-photography-164c26.html
Beautiful Blooms,florist,info@beautifulbloomsevents.com,https://mayasworldwideweb.github.io/previews/beautiful-blooms-d6bc9b.html
Lamsback Floral Decorators,florist,info@lamsbackfloral.com,https://mayasworldwideweb.github.io/previews/lamsback-floral-decorators-9a99ae.html
Clean Slate Pros LLC,cleaning service,info@cleanslatepros.com,https://mayasworldwideweb.github.io/previews/clean-slate-pros-llc-4f0f71.html
Sanders Cleaning Service,cleaning service,info@sandersservicesllc.com,https://mayasworldwideweb.github.io/previews/sanders-em-cleaning-em-em-service-em-68b3d5.html
"Edward Hughes & Sons, Incorporated",cleaning service,edwardhughesandson@gmail.com,https://mayasworldwideweb.github.io/previews/edward-hughes-sons-incorporated-f46c62.html
Green Cleaning,cleaning service,leafieclean@gmail.com,https://mayasworldwideweb.github.io/previews/green-cleaning-7d393b.html
Whitney Thomas Photographer,photographer,photosbywhitneyt@gmail.com,https://mayasworldwideweb.github.io/previews/whitney-thomas-em-photographer-em-522c32.html
Studio 217,photographer,help@studios217.net,https://mayasworldwideweb.github.io/previews/studio-217-405a25.html
Sacred Gem Tattoo Studio,tattoo parlor,sacredgemtattoo@gmail.com,https://mayasworldwideweb.github.io/previews/sacred-gem-em-tattoo-em-studio-2a4c62.html
Razorblade Piercing and Tattoo Supply,tattoo parlor,info@razorblade.pro,https://mayasworldwideweb.github.io/previews/razorblade-piercing-and-em-tattoo-em-supply-8ae3e5.html
Timeless Tattoo Studio,tattoo parlor,sales@timelessbodyarts.com,https://mayasworldwideweb.github.io/previews/timeless-em-tattoo-em-studio-e2f56a.html
Incagnito Tattoo & Piercing,tattoo parlor,incognitotatoo112@gmail.com,https://mayasworldwideweb.github.io/previews/incagnito-em-tattoo-em-piercing-8be3aa.html
Jeffrey's Flowers,florist,info@jeffreysflowers.org,https://mayasworldwideweb.github.io/previews/jeffrey-s-flowers-6838d9.html
Shades of Pink Wedding Flowers,florist,sopweddingflowers@gmail.com,https://mayasworldwideweb.github.io/previews/shades-of-pink-wedding-flowers-5c3928.html
Revelation Photography,photographer,revelationphoto@comcast.net,https://mayasworldwideweb.github.io/previews/revelation-photography-09de8b.html
Elegance Photography,photographer,elegancephotography214@gmail.com,https://mayasworldwideweb.github.io/previews/elegance-photography-acf847.html
Jamie Wall Photography,photographer,nehsalum@gmail.com,https://mayasworldwideweb.github.io/previews/jamie-wall-photography-da0986.html
Natareno Landscaping,landscaping,edaismael327@gmail.com,https://mayasworldwideweb.github.io/previews/natareno-em-landscaping-em-102a72.html
Northampton Landscaping Incorporated,landscaping,info@northamptonnursery.com,https://mayasworldwideweb.github.io/previews/northampton-em-landscaping-em-incorporated-d2158a.html
Chetti Landscaping,landscaping,jim@chettilandscaping.com,https://mayasworldwideweb.github.io/previews/chetti-em-landscaping-em-ced6dc.html
Desserts by Dana,bakery,cakes@dessertsbydana.com,https://mayasworldwideweb.github.io/previews/desserts-by-dana-37ce24.html
"Mr. Sticky's, Inc.",bakery,mpoorman@mrstickys.net,https://mayasworldwideweb.github.io/previews/mr-sticky-s-inc-6635c4.html
Collins Landscaping Services LLC,landscaping,acollinslandscaping@yahoo.com,https://mayasworldwideweb.github.io/previews/collins-em-landscaping-em-services-llc-e89a89.html
Three Mountains Landscaping and Snow Removal LLC,landscaping,threemountainslandscapeandsnow@gmail.com,https://mayasworldwideweb.github.io/previews/three-mountains-em-landscaping-em-and-snow-removal-llc-67d125.html
Landscaping by Gaffney,landscaping,dave@landscapingbygaffney.com,https://mayasworldwideweb.github.io/previews/em-landscaping-em-by-gaffney-e2c8c3.html
"Tomahawk Landscaping Service, LLC",landscaping,info@tomahawkls.com,https://mayasworldwideweb.github.io/previews/tomahawk-em-landscaping-em-service-llc-36a1f5.html
Bottaro Landscaping,landscaping,jessiebottaro@gmail.com,https://mayasworldwideweb.github.io/previews/bottaro-em-landscaping-em-392f34.html
Next Level Landscaping,landscaping,bgoodwin01@nextlevellandscaping.co,https://mayasworldwideweb.github.io/previews/next-level-em-landscaping-em-e8385f.html
Gillespie Landscaping LLC,landscaping,info@gillespielandscaping.com,https://mayasworldwideweb.github.io/previews/gillespie-em-landscaping-em-llc-44dcd9.html
Glassy Brown Cookies,bakery,info@glassyeyewear.com,https://mayasworldwideweb.github.io/previews/glassy-brown-cookies-4a0244.html
April's Garden,landscaping,aprilsgarden2004@yahoo.com,https://mayasworldwideweb.github.io/previews/april-s-garden-2fa2fe.html
Dominique Paws,pet store,dl10471@gmail.com,https://mayasworldwideweb.github.io/previews/dominique-paws-9311b3.html
Esquina Mini Market,pet store,info@laesquinarestaurantandbar.com,https://mayasworldwideweb.github.io/previews/esquina-mini-market-2034be.html
The Dog Alley,pet store,thedogalley@gmail.com,https://mayasworldwideweb.github.io/previews/the-dog-alley-ed59c6.html
Pennsylvania General Store,bakery,customerservice@pageneralstore.com,https://mayasworldwideweb.github.io/previews/pennsylvania-general-store-bd0fe2.html
Nothing Bundt Cakes,bakery,wilmington-brandywine@nothingbundtcakes.com,https://mayasworldwideweb.github.io/previews/nothing-bundt-cakes-d7b769.html
Market Street Market,bakery,marketstreetmarket@gmail.com,https://mayasworldwideweb.github.io/previews/market-street-market-fb09f6.html
Grassman Mows Lawns,landscaping,moonlate7@gmail.com,https://mayasworldwideweb.github.io/previews/grassman-mows-lawns-8d6591.html
30st Mini Market Inc,pet store,usuario@gmail.com,https://mayasworldwideweb.github.io/previews/30st-mini-market-inc-ed0beb.html
Frank O'Sullivan Landscaping Incorporated,landscaping,reservations@frankcares.com,https://mayasworldwideweb.github.io/previews/frank-o-sullivan-em-landscaping-em-incorporated-565f00.html
Tiffanee & Co.,bakery,info@tiffaneeandcompany.com,https://mayasworldwideweb.github.io/previews/tiffanee-co-2719c3.html
Camden Wyoming Market LLC,bakery,mayor@ci.camden.nj.us,https://mayasworldwideweb.github.io/previews/camden-wyoming-market-llc-63432f.html
Fortunata's Bakery,bakery,info@fortunatabrand.com,https://mayasworldwideweb.github.io/previews/fortunata-s-em-bakery-em-65eb1c.html
Bella's Cookies,bakery,mleishear@gmail.com,https://mayasworldwideweb.github.io/previews/bella-s-cookies-206c71.html
Anderson Landscaping,landscaping,info@andersontownship.org,https://mayasworldwideweb.github.io/previews/anderson-em-landscaping-em-e89166.html
Lochel's Bakery,bakery,bakery@lochelsbakery.com,https://mayasworldwideweb.github.io/previews/lochel-s-em-bakery-em-7a0be6.html
Reimel Landscaping,landscaping,sales@reimelmotorcars.com,https://mayasworldwideweb.github.io/previews/reimel-em-landscaping-em-6d46ae.html
Frederick's Landscaping Co.,landscaping,hillautomotiveservice@gmail.com,https://mayasworldwideweb.github.io/previews/frederick-s-em-landscaping-em-co-2b029f.html
"Tague Landscaping, Inc.",landscaping,micktague@msn.com,https://mayasworldwideweb.github.io/previews/tague-em-landscaping-em-inc-e5daf8.html
Chavo's Landscaping,landscaping,info@chavoslandscapingllc.com,https://mayasworldwideweb.github.io/previews/chavo-s-em-landscaping-em-6ffb76.html
"Blue Grass Lawn Service and Landscaping, Inc",landscaping,service@bglawnservice.com,https://mayasworldwideweb.github.io/previews/blue-grass-lawn-service-and-em-landscaping-em-inc-47f264.html
Blue Heron Bakery,bakery,blueheronbakery@gmail.com,https://mayasworldwideweb.github.io/previews/blue-heron-em-bakery-em-2ad967.html
Elm Street Bakery,bakery,info@elmstreetbakery.com,https://mayasworldwideweb.github.io/previews/elm-street-em-bakery-em-16ac08.html
PattyCakes,bakery,pattycakescustombakery@gmail.com,https://mayasworldwideweb.github.io/previews/pattycakes-f937ee.html
Patti's Pastries,bakery,patti@pattispastries.net,https://mayasworldwideweb.github.io/previews/patti-s-pastries-c7301e.html
Anchor & Anvil Coffee,cafe,info@anchorcolumbus.com,https://mayasworldwideweb.github.io/previews/anchor-anvil-coffee-67b9c2.html
Third Space Bakery,bakery,thirdspacebakery@gmail.com,https://mayasworldwideweb.github.io/previews/third-space-em-bakery-em-9e39e8.html
Ritz Landscaping,landscaping,info@philzlandscaping.com,https://mayasworldwideweb.github.io/previews/ritz-em-landscaping-em-391326.html
Robinson Landscaping Services LLC,landscaping,tim@robinsonlandscape.com,https://mayasworldwideweb.github.io/previews/robinson-em-landscaping-em-services-llc-a208a3.html
"Just For You Landscaping, LLC",landscaping,justforyoulandscaping@yahoo.com,https://mayasworldwideweb.github.io/previews/just-for-you-em-landscaping-em-llc-19278d.html
Do It All Brothers Landscaping LLC,landscaping,doitallbrotherslandscaping@yahoo.com,https://mayasworldwideweb.github.io/previews/do-it-all-brothers-em-landscaping-em-llc-89d8bf.html
"Mama Llama's Bakery, LLC",bakery,mamasoupny@gmail.com,https://mayasworldwideweb.github.io/previews/mama-llama-s-em-bakery-em-llc-ea9d8c.html
Maple Donuts,bakery,support@maple.com,https://mayasworldwideweb.github.io/previews/maple-donuts-61febb.html
"Cut Above Lawn Care and Landscaping, LLC",landscaping,kingscutllc@gmail.com,https://mayasworldwideweb.github.io/previews/cut-above-lawn-care-and-em-landscaping-em-llc-a22fee.html
"Noerrs Landscaping & Tree Service, LLC",landscaping,noerrstreeservice@yahoo.com,https://mayasworldwideweb.github.io/previews/noerrs-em-landscaping-em-tree-service-llc-3899fc.html
Rustyn Page Landscaping,landscaping,rustynpagelandscaping@gmail.com,https://mayasworldwideweb.github.io/previews/rustyn-page-em-landscaping-em-6d7a2a.html
24 Carrots Bakery Limited,bakery,info@24carrots.com,https://mayasworldwideweb.github.io/previews/24-carrots-em-bakery-em-limited-808af8.html
Heartwood Bakery & Cafe,bakery,nancyfloy@heartwoodcenter.com,https://mayasworldwideweb.github.io/previews/heartwood-em-bakery-em-cafe-86aeed.html
Bake Theory Artisan Bakery,bakery,sayhello@thebaketheory.com,https://mayasworldwideweb.github.io/previews/bake-theory-artisan-em-bakery-em-e07a97.html
Bailey's Bakery,bakery,info@baileypottery.com,https://mayasworldwideweb.github.io/previews/bailey-s-em-bakery-em-e0a79e.html
"LuvPaws Grooming, Bakery & Supplies Inc.",bakery,luvpawsgbs@hotmail.com,https://mayasworldwideweb.github.io/previews/luvpaws-grooming-em-bakery-em-supplies-inc-da6247.html
"Tophat Salon, Spa & Barber",barbershop,tophat.hair4339@gmail.com,https://mayasworldwideweb.github.io/previews/tophat-salon-spa-em-barber-em-513e06.html
Reading Barber Institute,barbershop,info@readingbarberinstitute.com,https://mayasworldwideweb.github.io/previews/reading-em-barber-em-institute-5c83db.html
Workout Anytime,gym,contactus@workoutanytime.com,
Team 85 Fitness and Wellness,gym,info@team85fitnessandwellness.com,https://mayasworldwideweb.github.io/previews/team-85-fitness-and-wellness-4b70d7.html
AFC Fitness,gym,almontefitness@hotmail.com,https://mayasworldwideweb.github.io/previews/afc-fitness-f9e455.html
Philly Fitness,gym,bking@phillymag.com,https://mayasworldwideweb.github.io/previews/philly-fitness-0dfdd4.html
Fusion Fitness,gym,lionfitnessllc@gmail.com,https://mayasworldwideweb.github.io/previews/fusion-fitness-320618.html
Metal Health Gym & Fitness,gym,metalhealthgymandfitness@gmail.com,https://mayasworldwideweb.github.io/previews/metal-health-em-gym-em-fitness-e4d6be.html
Echelon Health & Fitness,gym,voorhees@echelonhf.com,https://mayasworldwideweb.github.io/previews/echelon-health-fitness-34700c.html
Virtua William G. Rohrer Fitness Center - Voorhees - CLOSED,gym,mychartphr@virtua.org,https://mayasworldwideweb.github.io/previews/virtua-william-g-rohrer-fitness-center-voorhees-closed-a61224.html
KidStrong Inc,gym,first.last@kidstrong.com,https://mayasworldwideweb.github.io/previews/kidstrong-inc-37deb6.html
Koko Fit Club,gym,kokobusinessoffice@gmail.com,https://mayasworldwideweb.github.io/previews/koko-fit-club-5e61e1.html
Fit 4 Life Personal Training,gym,fit4lifecle@gmail.com,https://mayasworldwideweb.github.io/previews/fit-4-life-personal-training-54115e.html
Adrenaline Sports Performance & Personal Training,gym,info@adrenalinex.com,https://mayasworldwideweb.github.io/previews/adrenaline-sports-performance-personal-training-14974e.html
Booker's Barber Shop & Salon,barbershop,cseay@nps.k12.va.us,https://mayasworldwideweb.github.io/previews/booker-s-barber-shop-salon-eee568.html
Saigon Grace Cafe,cafe,saigonshack114@gmail.com,https://mayasworldwideweb.github.io/previews/saigon-grace-cafe-5c2ddc.html
A La Mousse,cafe,info@alamousse.com,https://mayasworldwideweb.github.io/previews/a-la-mousse-57c535.html
New Logan breakfast,cafe,server@viningwatermelonday.com,https://mayasworldwideweb.github.io/previews/new-logan-breakfast-18c669.html
Cafe Albania,cafe,localoria.com@gmail.com,https://mayasworldwideweb.github.io/previews/cafe-albania-b3ded0.html
Cafe Linh,cafe,contactminhkiet@gmail.com,https://mayasworldwideweb.github.io/previews/cafe-linh-3edfb8.html
Sweet Lucy'S Ice Cream & Treats,ice cream,megan.hurst@cajun-sno.com,https://mayasworldwideweb.github.io/previews/sweet-lucy-s-ice-cream-treats-769c6e.html
Green Eggs Café,cafe,gecphiladelphia@gmail.com,https://mayasworldwideweb.github.io/previews/green-eggs-caf-6afece.html
Penrose Recreation Center,gym,info@penrosebar.com,https://mayasworldwideweb.github.io/previews/penrose-recreation-center-718068.html
Taste of Nature Smoothie Truck,juice bar,flavorbites45@gmail.com,https://mayasworldwideweb.github.io/previews/taste-of-nature-smoothie-truck-68b70c.html
First Watch,cafe,avotoast@goodmorning.firstwatch.com,https://mayasworldwideweb.github.io/previews/first-watch-e14e1c.html
Sapphire Studio,videographer,wecare@sapphireonline.pk,https://mayasworldwideweb.github.io/previews/sapphire-studio-cc9765.html
Kitchen B & L,cafe,info@gautengkitchens.co.za,https://mayasworldwideweb.github.io/previews/kitchen-b-l-819a3e.html
Studio 524 LLC,videographer,studio524philly@gmail.com,https://mayasworldwideweb.github.io/previews/studio-524-llc-b770bc.html
Mango's Cafe,cafe,mangoscafe@comcast.net,https://mayasworldwideweb.github.io/previews/mango-s-cafe-d3f950.html
Garces Trading Company,cafe,cira.managers@garcestradingcompany.com,https://mayasworldwideweb.github.io/previews/garces-trading-company-ebf122.html
Our Home Dog Boarding,dog walker,steven417@me.com,https://mayasworldwideweb.github.io/previews/our-home-dog-boarding-c0d115.html
Rayne Wellness Fitness Studio/ Personal Training,gym,info@raynenutrition.com,https://mayasworldwideweb.github.io/previews/rayne-wellness-fitness-studio-personal-training-788252.html
Nak Muay Gym,gym,nakmuaygym@gmail.com,https://mayasworldwideweb.github.io/previews/nak-muay-em-gym-em-a242de.html
First State Martial Arts,gym,info@firststatemartialarts.com,https://mayasworldwideweb.github.io/previews/first-state-martial-arts-f9c053.html
Snap Fitness,gym,media@snapfitness.com,https://mayasworldwideweb.github.io/previews/snap-fitness-7b6fd0.html
Barbell Brothers Strength Gym,gym,staff@barbellbrothersgym.com,https://mayasworldwideweb.github.io/previews/barbell-brothers-strength-em-gym-em-e49560.html
KidStrong Middletown,gym,middletown@kidstrong.com,https://mayasworldwideweb.github.io/previews/kidstrong-middletown-3793c3.html
Renzo Gracie,gym,info@renzochs.com,https://mayasworldwideweb.github.io/previews/renzo-gracie-8a3708.html
ISI® Elite Training - Blue Bell,gym,bluebell.pa@isielitetraining.com,https://mayasworldwideweb.github.io/previews/isi-elite-training-blue-bell-2b9236.html
Dales Barber Styling Shop,barbershop,info@yorkshiredales.org.uk,https://mayasworldwideweb.github.io/previews/dales-em-barber-em-styling-shop-a6e02b.html
Frailey's Barber Shop,barbershop,drnodecay@gmail.com,https://mayasworldwideweb.github.io/previews/frailey-s-em-barber-em-shop-c0c4da.html
Barber Financial Co Inc,barbershop,barbers@barberfinancialco.com,https://mayasworldwideweb.github.io/previews/em-barber-em-financial-co-inc-55e157.html
Blackdog Barber Co.,barbershop,ride@blackdogcw.com,https://mayasworldwideweb.github.io/previews/blackdog-em-barber-em-co-50f99e.html
Dugan's Barber Shop,barbershop,custserv@dugantruckline.com,https://mayasworldwideweb.github.io/previews/dugan-s-em-barber-em-shop-909032.html
Allenway Barber Shop,barbershop,allenwaybarber@outlook.com,https://mayasworldwideweb.github.io/previews/allenway-em-barber-em-shop-f35f07.html
World A Cuts Barber Institute,barbershop,wcbi@worldacuts.com,https://mayasworldwideweb.github.io/previews/world-a-cuts-em-barber-em-institute-4d006b.html
Mansion Park Barber Shop,barbershop,info@mansionglobal.com,https://mayasworldwideweb.github.io/previews/mansion-park-em-barber-em-shop-3a8495.html
Majestic Trails,gym,fitchhill@comcast.net,https://mayasworldwideweb.github.io/previews/majestic-trails-f4808b.html
Fight or Flight Performance and Trainging,gym,contact.fof.training@gmail.com,https://mayasworldwideweb.github.io/previews/fight-or-flight-performance-and-trainging-dccb32.html
"Country Strong, Inc.",gym,info@becountrystrong.com,https://mayasworldwideweb.github.io/previews/country-strong-inc-1d0d9e.html
ControlCore Pilates,yoga studio,info@controlcorepilates.com,https://mayasworldwideweb.github.io/previews/controlcore-pilates-6fa370.html
"Pittsburgh Sports and Fitness, LLC",gym,eastmarket@cityfitness.com,https://mayasworldwideweb.github.io/previews/pittsburgh-sports-and-fitness-llc-75aa24.html
MindFire Fitness,gym,mindfirefitness@gmail.com,https://mayasworldwideweb.github.io/previews/mindfire-fitness-27812b.html
Daman’s Strength Training,gym,damanstrength@gmail.com,https://mayasworldwideweb.github.io/previews/daman-s-strength-training-f8a4c2.html
Brady's Run Fitness,gym,bradysrunfitness@gmail.com,https://mayasworldwideweb.github.io/previews/brady-s-run-fitness-49ec15.html
Forma Personal Training,gym,xrsize@hotmail.com,https://mayasworldwideweb.github.io/previews/forma-personal-training-439367.html
Copper Canopy Aerial,gym,copper.canopy.aerial@gmail.com,https://mayasworldwideweb.github.io/previews/copper-canopy-aerial-094ca9.html
Royal Fitness LLC,gym,info@royallhardware.com,https://mayasworldwideweb.github.io/previews/royal-fitness-llc-5cfbee.html
Trolley Car Cafe,cafe,info@nytrolleyco.com,https://mayasworldwideweb.github.io/previews/trolley-car-cafe-b41618.html
Positive Force Karate,gym,hugotheforce@comcast.net,https://mayasworldwideweb.github.io/previews/positive-force-karate-c55c47.html
Munchie’s Cafe,cafe,munchiechamonix@gmail.com,https://mayasworldwideweb.github.io/previews/munchie-s-cafe-b139f2.html
D.M. Cleaning,restaurant,completeclean1@yahoo.com,https://mayasworldwideweb.github.io/previews/d-m-cleaning-b8cda5.html
Edmar,restaurant,flast@edmarmfg.com,https://mayasworldwideweb.github.io/previews/edmar-ae9dc5.html
LCD Cleaning Services LLC,restaurant,lechel.dequilmo@yahoo.com,https://mayasworldwideweb.github.io/previews/lcd-cleaning-services-llc-904eb8.html
Mimi's Cleaning,restaurant,mimiscleaning360@gmail.com,https://mayasworldwideweb.github.io/previews/mimi-s-cleaning-8c9af2.html
"Elite Management Janitorial Services, LLC",cleaning service,info@elitejanitorialservicespa.com,https://mayasworldwideweb.github.io/previews/elite-management-janitorial-services-llc-053206.html
Tiffany Cleaning,restaurant,cambridgepersonalassistant@gmail.com,https://mayasworldwideweb.github.io/previews/tiffany-cleaning-68de06.html
Merry Maids,restaurant,contactus@merrymaids.com,https://mayasworldwideweb.github.io/previews/merry-maids-d812ca.html
Clark Service Group,restaurant,info@clarkservicegroup.com,https://mayasworldwideweb.github.io/previews/clark-service-group-5ead33.html
Mecca Unisex Salon,beauty salon,info@whereig.com,https://mayasworldwideweb.github.io/previews/mecca-unisex-salon-59322d.html
TLC Property Maintenance LLC,cleaning service,tlcyard3@gmail.com,https://mayasworldwideweb.github.io/previews/tlc-property-maintenance-llc-6f75c9.html
Veritas Medi Spa & Weight Loss Center,spa,info@veritasacademy.com,https://mayasworldwideweb.github.io/previews/veritas-medi-spa-weight-loss-center-5e9314.html
Triumphant Arts Tattoo Studio LLC,tattoo parlor,nokaoitikitattoo215@gmail.com,https://mayasworldwideweb.github.io/previews/triumphant-arts-em-tattoo-em-studio-llc-2f7130.html
Flying Pig Tattoo Studio –  Brady Jone,tattoo parlor,flyingpigtattoo@gmail.com,https://mayasworldwideweb.github.io/previews/flying-pig-em-tattoo-em-studio-brady-jone-9b298a.html
Blink Ink Tattoo,tattoo parlor,hello@joinblink.com,https://mayasworldwideweb.github.io/previews/blink-ink-em-tattoo-em-b8cdf6.html
Dog's Tooth Tattoo Company,tattoo parlor,dogstoothtattoocompany@gmail.com,https://mayasworldwideweb.github.io/previews/dog-s-tooth-em-tattoo-em-company-afb3ee.html
Florabelle,florist,dave.eastcoastagencies@gmail.com,https://mayasworldwideweb.github.io/previews/florabelle-a10140.html
Sugar Flowers and Leaves Floral Design,florist,designer@sugarflowersandleaves.com,https://mayasworldwideweb.github.io/previews/sugar-flowers-and-leaves-floral-design-02e4ca.html
Avant Garden,landscaping,support@avant.com,https://mayasworldwideweb.github.io/previews/avant-garden-f4bac7.html
Garman Photography,photographer,info@garmanphotography.com,https://mayasworldwideweb.github.io/previews/garman-photography-af9550.html
Landis Photography,photographer,landisphoto05@gmail.com,https://mayasworldwideweb.github.io/previews/landis-photography-f6e502.html
Sequoia Landscaping,landscaping,dsequoialand@aol.com,https://mayasworldwideweb.github.io/previews/sequoia-em-landscaping-em-c83cb1.html
"Jacquette's Bakery, LLC",bakery,jacquettesbakery@gmail.com,https://mayasworldwideweb.github.io/previews/jacquette-s-em-bakery-em-llc-bb3940.html
From The Ground Up Landscaping,landscaping,sam@fromthegroundup-llc.com,https://mayasworldwideweb.github.io/previews/from-the-ground-up-em-landscaping-em-f4b6e3.html
Penn Del Landscaping,landscaping,jjnlandscapedesign@gmail.com,https://mayasworldwideweb.github.io/previews/penn-del-em-landscaping-em-4a5e1e.html
"Kee Landscaping, Inc",landscaping,info@keelandscaping.com,https://mayasworldwideweb.github.io/previews/kee-em-landscaping-em-inc-8ed390.html
Jake's Landscaping,landscaping,jake@jakeslandscaping.com,https://mayasworldwideweb.github.io/previews/jake-s-em-landscaping-em-396dbc.html
"The Novel Baker, Inc.",bakery,alexisdeluca@aol.com,https://mayasworldwideweb.github.io/previews/the-novel-baker-inc-be5ff9.html
"Scott Miller Landscaping, LTD",landscaping,scottmillerlandscapingltd@comcast.net,https://mayasworldwideweb.github.io/previews/scott-miller-em-landscaping-em-ltd-baca7f.html
Blanca Sparkle and Shine,restaurant,hello@blancasparkleandshine.com,https://mayasworldwideweb.github.io/previews/blanca-sparkle-and-shine-36fb28.html
April Fresh Cleaning Inc.,restaurant,april@aprilfresh.org,https://mayasworldwideweb.github.io/previews/april-fresh-cleaning-inc-714b27.html
Greenway Pressure Washing,restaurant,greenway1626@gmail.com,https://mayasworldwideweb.github.io/previews/greenway-pressure-washing-5828d6.html
Genie Building Maintenance,restaurant,geniebuild@aol.com,https://mayasworldwideweb.github.io/previews/genie-building-maintenance-59aaef.html
"Magick Touch Cleaning Services, LLC",restaurant,magicktouchcleaning@gmail.com,https://mayasworldwideweb.github.io/previews/magick-touch-cleaning-services-llc-081362.html
"Eddy Cleaning Services, LLC",restaurant,eloycastillo093551@gmail.com,https://mayasworldwideweb.github.io/previews/eddy-cleaning-services-llc-bdc70a.html
Singer Equipment Headquarters,restaurant,infostl@singerequipment.com,https://mayasworldwideweb.github.io/previews/singer-equipment-headquarters-150a6b.html
Pescatore's Restaurant,restaurant,pescatorewpb@gmail.com,https://mayasworldwideweb.github.io/previews/pescatore-s-em-restaurant-em-fb5c9a.html
Chicken Land,restaurant,mail@biografiasyvidas.com,https://mayasworldwideweb.github.io/previews/chicken-land-f25365.html
Kiko's Peruvian Kitchen,restaurant,kikosperuviankitchen@gmail.com,https://mayasworldwideweb.github.io/previews/kiko-s-peruvian-kitchen-34ab5d.html
Al-Salam Grill,restaurant,amirraja0405@gmail.com,https://mayasworldwideweb.github.io/previews/al-salam-grill-cd4aa5.html
Abbruzzi & Giunta's Italian Market,restaurant,info@abbruzzigiunta.com,https://mayasworldwideweb.github.io/previews/abbruzzi-giunta-s-italian-market-57a3f0.html
Pho Ga Thanh Thanh,restaurant,tomnguyen@phonomenalashburn.com,https://mayasworldwideweb.github.io/previews/pho-ga-thanh-thanh-c7ec74.html
Taco Riendo Restaurant,restaurant,tacoriendorestaurant.shop@gmail.com,
Baguette X Phorria,restaurant,njhagen@comcast.net,https://mayasworldwideweb.github.io/previews/baguette-x-phorria-9fa0a0.html
Sabor hispano restaurant,restaurant,support@sabor.com,https://mayasworldwideweb.github.io/previews/sabor-hispano-restaurant-68b571.html
Old San Juan Restaurant,restaurant,oldsanjuanrestaurant.cfd@gmail.com,https://mayasworldwideweb.github.io/previews/old-san-juan-restaurant-588ab6.html
Brunch Box,diner,floridahipsters@gmail.com,https://mayasworldwideweb.github.io/previews/brunch-box-35d25e.html
Sajoma restaurant and deil,restaurant,info@sajomalatin.com,https://mayasworldwideweb.github.io/previews/sajoma-restaurant-and-deil-b15fbd.html
China House,restaurant,chinaemppress_us@mfa.gov.cn,
Barkley's BBQ,restaurant,wherevi.com@gmail.com,
Vernie's Soul Food Inc,restaurant,contact@escreen.io,
Painting R US,painter,info@norristownpainting.com,https://mayasworldwideweb.github.io/previews/painting-r-us-73b5aa.html
Legal Sea Foods Restaurant,restaurant,guestservices@legalseafoods.com,https://mayasworldwideweb.github.io/previews/legal-sea-foods-em-restaurant-em-2bafcf.html
Cleaning Fairy LLC,restaurant,info@cleaningbrooklyn.com,https://mayasworldwideweb.github.io/previews/cleaning-fairy-llc-a2675e.html
Casablanca Moroccan Restaurant,restaurant,customerservice@casablancaparis.com,https://mayasworldwideweb.github.io/previews/casablanca-moroccan-em-restaurant-em-8e4928.html
Ashby Restaurant Group,restaurant,john@ashby-hospitality.com,
Sensible Solutions,restaurant,sensiblesolutionsdellc@gmail.com,https://mayasworldwideweb.github.io/previews/sensible-solutions-1dd226.html
A & H Mold Clean,restaurant,aandhmoldclean@gmail.com,https://mayasworldwideweb.github.io/previews/a-h-mold-clean-25358e.html
Smith Solutions Cleaning,restaurant,customerservice@smithsolutionscleaning.com,https://mayasworldwideweb.github.io/previews/smith-solutions-cleaning-d1f6e8.html
Ocean City Restaurant,restaurant,arnoldsway@yahoo.com,https://mayasworldwideweb.github.io/previews/ocean-city-em-restaurant-em-57f0ae.html
Bacco Italian Restaurant,restaurant,boccaboone@gmail.com,
Northbound Restaurant,restaurant,eventsatnorthbound@gmail.com,
Solar Super Shine,restaurant,solarsupershine@gmail.com,https://mayasworldwideweb.github.io/previews/solar-super-shine-b4ddf3.html
Interstate Building maintenace,restaurant,info@interstatemaintenance.com,https://mayasworldwideweb.github.io/previews/interstate-building-maintenace-9afffc.html
Warrington Restaurant,restaurant,info@warringtontownship.org,https://mayasworldwideweb.github.io/previews/warrington-em-restaurant-em-879df6.html
Kaytee's Family Restaurant & Marketplace,restaurant,brownbagger66@live.com,https://mayasworldwideweb.github.io/previews/kaytee-s-family-em-restaurant-em-marketplace-638a47.html
Angees Restaurant,restaurant,first@angees.com,https://mayasworldwideweb.github.io/previews/angees-em-restaurant-em-595063.html
Grossi Services Inc,restaurant,hello@grossiservicesinc.com,https://mayasworldwideweb.github.io/previews/grossi-services-inc-71bbf9.html
Priest Cleaning Solutions LLC,cleaning service,priestcleaning331@gmail.com,https://mayasworldwideweb.github.io/previews/priest-cleaning-solutions-llc-07f24f.html
Martins Professional Cleaning LLC,restaurant,martinscleaningv@gmail.com,https://mayasworldwideweb.github.io/previews/martins-professional-cleaning-llc-748493.html
Rodrigo Silva Cleaning Service LLC,cleaning service,marcianomoraes27@icloud.com,https://mayasworldwideweb.github.io/previews/rodrigo-silva-cleaning-service-llc-1a3a3f.html
Labdolls,restaurant,labdollwellness@gmail.com,https://mayasworldwideweb.github.io/previews/labdolls-6ed489.html
Booker's Restaurant and Bar,restaurant,bookers.bmore@gmail.com,https://mayasworldwideweb.github.io/previews/booker-s-em-restaurant-em-and-bar-be29ef.html
Spotless Pro Cleaning Services,restaurant,spotlessprophilly@gmail.com,https://mayasworldwideweb.github.io/previews/spotless-pro-cleaning-services-7fd150.html
Mad Rex Restaurant and Virtual Reality Lounge,restaurant,madgreekofclt@gmail.com,https://mayasworldwideweb.github.io/previews/mad-rex-em-restaurant-em-and-virtual-reality-lounge-75f1c4.html
"Tranquillitas Living, LLC",restaurant,info@tranquillitasliving.com,https://mayasworldwideweb.github.io/previews/tranquillitas-living-llc-86ce9c.html
SOUTH Restaurant & Jazz Club,restaurant,wendy@southrestaurant.net,https://mayasworldwideweb.github.io/previews/south-em-restaurant-em-jazz-club-9471aa.html
Vantage Commercial Services,restaurant,info@vantageres.com,https://mayasworldwideweb.github.io/previews/vantage-commercial-services-233309.html
"Triple R Services, LLC",restaurant,triplerservicesllctx@gmail.com,https://mayasworldwideweb.github.io/previews/triple-r-services-llc-7f64d1.html
The Restaurant Store,restaurant,philadelphia@therestaurantstore.com,https://mayasworldwideweb.github.io/previews/the-em-restaurant-em-store-00c5ed.html
Love City Brewing,restaurant,info@lovecitybrewing.com,https://mayasworldwideweb.github.io/previews/love-city-brewing-4b6f91.html
Taqueria La Prima,restaurant,info@taqueriatsunami.com,https://mayasworldwideweb.github.io/previews/taqueria-la-prima-c3365c.html
Doma Japanese Restaurant,restaurant,sushidoma1822@gmail.com,https://mayasworldwideweb.github.io/previews/doma-japanese-restaurant-d623a2.html
Tango,restaurant,meredithklein@gmail.com,https://mayasworldwideweb.github.io/previews/tango-e252a5.html
Barcade,restaurant,info@barcade.com,https://mayasworldwideweb.github.io/previews/barcade-91663e.html
Ten Asian Food Hall,restaurant,10asianfood@gmail.com,https://mayasworldwideweb.github.io/previews/ten-asian-food-hall-44c460.html
Hangry Joe's Hot Chicken & Wings,restaurant,info@hangryjoes.com,https://mayasworldwideweb.github.io/previews/hangry-joe-s-hot-chicken-wings-3fb642.html
Pho 20,restaurant,pho-20.shop@gmail.com,https://mayasworldwideweb.github.io/previews/pho-20-73ce6d.html
"Cintas Canada, Atlantic Canada Division",restaurant,holyghostmonroe@gmail.com,
Bluenose II Restaurant & Grill,restaurant,info@bluenoseii.ca,https://mayasworldwideweb.github.io/previews/bluenose-ii-em-restaurant-em-grill-175f7b.html
Thompson BMW Service,auto repair,shelby.shaffer@1800thompson.com,https://mayasworldwideweb.github.io/previews/thompson-bmw-service-bd0469.html
John's Auto Glass,auto repair,sean@johnsautoglass.net,https://mayasworldwideweb.github.io/previews/john-s-auto-glass-d7fb63.html
Cals Automotive Incorporated,auto repair,judeaskew@gmail.com,https://mayasworldwideweb.github.io/previews/cals-automotive-incorporated-945662.html
Legacy Funding Corporation,auto repair,gt8312@aol.com,
Tim's Auto Repairs,auto repair,birddog5@comcast.net,https://mayasworldwideweb.github.io/previews/tim-s-auto-repairs-a938a7.html
Linden Auto Body,auto repair,lindenautobody@gmail.com,https://mayasworldwideweb.github.io/previews/linden-auto-body-cfd333.html
Arty's Auto Service,auto repair,artysautoservice@gmail.com,
AAMCO Transmission,auto repair,contactus@aamco.com,https://mayasworldwideweb.github.io/previews/aamco-transmission-d1c34e.html
"Pardo’s Automotive, Inc.",auto repair,franpardo@pardosautomotiveinc.com,https://mayasworldwideweb.github.io/previews/pardo-s-automotive-inc-e11930.html
County Corvette,auto repair,info@countycorvette.com,https://mayasworldwideweb.github.io/previews/county-corvette-34deda.html
JATS auto transfer,auto repair,info@jatsautotransfer.com,https://mayasworldwideweb.github.io/previews/jats-auto-transfer-299fee.html
GEAR UP,auto repair,woostergbc@aol.com,https://mayasworldwideweb.github.io/previews/gear-up-d93c1f.html
Reyes's Auto Repair LLC,auto repair,corporaterelations@reyesholdings.com,https://mayasworldwideweb.github.io/previews/reyes-s-auto-repair-llc-4cf4a0.html
Alameen's Automotive,auto repair,alameen@alameen.gov.ae,https://mayasworldwideweb.github.io/previews/alameen-s-automotive-90fea1.html
Aleen 2600 Auto Repair,auto repair,info@onlinecourseing.com,https://mayasworldwideweb.github.io/previews/aleen-2600-auto-repair-fe37f3.html
Aceto Auto Repair,auto repair,office@acetogroup.com,
Y&M Auto Repair,auto repair,info@usaautorepair.com,https://mayasworldwideweb.github.io/previews/y-m-auto-repair-5c8b29.html
Carlson Auto Center,auto repair,carlson@carlsonlabs.com,
